"MET2013_NAME","TOTAL","Africa","Americas","Asia","Europe","Oceania","<NA>"
"New York-Newark-Jersey City, NY-NJ-PA",3859089,167773,1598354,1501568,586821,4014,559
"Los Angeles-Long Beach-Anaheim, CA",2590458,50784,972405,1425093,134745,7181,250
"Miami-Fort Lauderdale-West Palm Beach, FL",1598675,18207,1379826,106302,93595,745,0
"Not in identifiable area",1386861,76581,588891,472582,237352,10786,669
"San Francisco-Oakland-Hayward, CA",1083394,29497,171103,794031,73044,14198,1521
"Chicago-Naperville-Elgin, IL-IN-WI",961087,32158,317768,372626,237237,1183,115
"Washington-Arlington-Alexandria, DC-VA-MD-WV",859861,142198,233766,410853,70656,2388,0
"Houston-The Woodlands-Sugar Land, TX",743418,56312,341091,311590,33135,1290,0
"Boston-Cambridge-Newton, MA-NH",601822,58489,175521,262770,104128,914,0
"Riverside-San Bernardino-Ontario, CA",589998,16758,349725,196286,24477,2690,62
"Dallas-Fort Worth-Arlington, TX",585055,60221,221738,269417,32250,1429,0
"San Jose-Sunnyvale-Santa Clara, CA",486298,7346,66094,378956,30291,3611,0
"Atlanta-Sandy Springs-Roswell, GA",477568,71191,160252,204536,40927,662,0
"Seattle-Tacoma-Bellevue, WA",473825,38204,60300,298638,64276,12191,216
"San Diego-Carlsbad, CA",467720,13397,192051,216779,42718,2461,314
"Philadelphia-Camden-Wilmington, PA-NJ-DE-MD",446154,43662,106566,219277,75934,715,0
"Phoenix-Mesa-Scottsdale, AZ",343741,15042,163140,116020,48249,1290,0
"Tampa-St. Petersburg-Clearwater, FL",302635,16602,168932,63637,51747,1717,0
"Detroit-Warren-Dearborn, MI",287623,12329,30011,181041,63647,595,0
"Las Vegas-Henderson-Paradise, NV",285033,13432,113448,134878,21486,1789,0
"Sacramento--Roseville--Arden-Arcade, CA",275149,5265,53404,171622,36608,8250,0
"Orlando-Kissimmee-Sanford, FL",273294,16551,166969,61573,27128,1073,0
"Minneapolis-St. Paul-Bloomington, MN-WI",250583,75685,40955,112442,21177,324,0
"Baltimore-Columbia-Towson, MD",187851,30318,33578,100684,23034,237,0
"Portland-Vancouver-Hillsboro, OR-WA",186037,12090,33692,96042,40759,3454,0
"Denver-Aurora-Lakewood, CO",184205,19919,58574,76459,27666,1484,103
"Austin-Round Rock, TX",150777,6952,61203,68844,13502,276,0
"Providence-Warwick, RI-MA",148483,18507,47818,28807,53351,0,0
"San Antonio-New Braunfels, TX",136555,3556,91655,33878,7127,339,0
"Urban Honolulu, HI",135014,1264,5617,118995,5475,3502,161
"Charlotte-Concord-Gastonia, NC-SC",124184,14680,49994,43936,15494,80,0
"El Paso, TX",114707,880,108246,2780,2620,181,0
"Bridgeport-Stamford-Norwalk, CT",109159,2038,48727,31652,26159,583,0
"Oxnard-Thousand Oaks-Ventura, CA",103028,911,58906,32801,9449,961,0
"Hartford-West Hartford-East Hartford, CT",102482,3329,37840,26822,34297,194,0
"Columbus, OH",102014,35697,10208,43434,11404,1271,0
"Fresno, CA",99879,2027,44832,49605,3155,260,0
"Stockton-Lodi, CA",94154,3983,34163,51954,2970,1084,0
"Cleveland-Elyria, OH",86808,5195,11403,36016,34194,0,0
"St. Louis, MO-IL",83647,7353,14713,41482,19984,115,0
"Raleigh, NC",80007,8838,19365,38754,12217,833,0
"McAllen-Edinburg-Mission, TX",78395,292,70745,7004,354,0,0
"Virginia Beach-Norfolk-Newport News, VA-NC",75553,4795,22425,38174,9595,564,0
"Bakersfield, CA",74563,1365,48833,22075,2290,0,0
"Milwaukee-Waukesha-West Allis, WI",74292,6964,21662,36463,9045,158,0
"Kansas City, MO-KS",73790,9005,21353,34583,6535,2314,0
"Jacksonville, FL",73704,3694,29138,26834,13818,220,0
"Cape Coral-Fort Myers, FL",71020,708,52387,9102,8604,219,0
"Tucson, AZ",69537,3429,36072,18534,10289,1213,0
"Worcester, MA-CT",69428,15647,19785,22091,11905,0,0
"Salt Lake City, UT",66780,5903,23678,23947,9556,3696,0
"New Haven-Milford, CT",66337,4638,27110,17842,16747,0,0
"Indianapolis-Carmel-Anderson, IN",63487,9335,18285,27051,8621,195,0
"Cincinnati, OH-KY-IN",61083,7051,11363,27746,13796,1127,0
"Nashville-Davidson--Murfreesboro--Franklin, TN",61055,13117,15136,25501,7301,0,0
"Modesto, CA",60984,214,34073,21955,2478,2264,0
"North Port-Sarasota-Bradenton, FL",59326,637,27242,12744,18517,186,0
"Vallejo-Fairfield, CA",57824,677,16293,36543,3187,1124,0
"Salinas, CA",57175,187,28079,21751,6615,543,0
"Pittsburgh, PA",51798,6097,8408,22431,14510,352,0
"Allentown-Bethlehem-Easton, PA-NJ",48179,3231,23020,12619,9033,276,0
"Rochester, NY",47858,2711,11931,21819,11397,0,0
"Naples-Immokalee-Marco Island, FL",47854,881,32067,4961,9945,0,0
"Richmond, VA",47816,3386,14510,19792,9961,167,0
"New Orleans-Metairie, LA",46169,3111,17181,22492,3385,0,0
"Albany-Schenectady-Troy, NY",45827,2808,13461,18775,10783,0,0
"Deltona-Daytona Beach-Ormond Beach, FL",45163,1970,21585,10444,11164,0,0
"Oklahoma City, OK",44074,4982,17832,15834,5426,0,0
"Lakeland-Winter Haven, FL",44038,1752,32445,7120,2721,0,0
"Santa Maria-Santa Barbara, CA",43766,224,26746,10718,5677,401,0
"Buffalo-Cheektowaga-Niagara Falls, NY",43514,2584,9234,22108,9588,0,0
"Trenton, NJ",42067,3955,13340,17852,6866,0,54
"Brownsville-Harlingen, TX",38592,277,36981,722,612,0,0
"Louisville/Jefferson County, KY-IN",36997,3134,13590,14777,5496,0,0
"Santa Rosa, CA",36522,475,18806,11043,5417,781,0
"Visalia-Porterville, CA",36520,247,28480,5631,2162,0,0
"Port St. Lucie, FL",36248,1459,21420,4027,9342,0,0
"Springfield, MA",35896,2295,9695,13014,10892,0,0
"Albuquerque, NM",35058,679,19049,8051,7279,0,0
"Reno, NV",34289,1673,12880,16299,3221,216,0
"Grand Rapids-Wyoming, MI",33726,2832,10598,12598,7245,152,301
"Palm Bay-Melbourne-Titusville, FL",33070,602,21762,5319,5221,166,0
"Memphis, TN-MS-AR",32926,3552,10998,15890,2486,0,0
"Colorado Springs, CO",32842,1841,12497,10367,8063,74,0
"Ann Arbor, MI",31851,3224,2808,18676,7143,0,0
"Merced, CA",30900,939,20525,6928,2467,41,0
"Greenville-Anderson-Mauldin, SC",30157,554,14812,9919,4872,0,0
"Omaha-Council Bluffs, NE-IA",29968,3894,10834,11598,3552,90,0
"Greensboro-High Point, NC",28563,6550,7258,10241,4514,0,0
"Boise City, ID",28360,1034,11639,10055,5207,425,0
"Syracuse, NY",28188,2292,6628,11607,7604,0,57
"Charleston-North Charleston, SC",27762,1717,8900,11422,5723,0,0
"Yuma, AZ",27204,220,24862,1869,253,0,0
"Des Moines-West Des Moines, IA",26647,5296,4572,13980,2719,80,0
"El Centro, CA",26637,0,26132,451,54,0,0
"Santa Cruz-Watsonville, CA",26126,411,14457,6980,3738,540,0
"Dayton, OH",24462,3107,4198,12769,4001,387,0
"Anchorage, AK",24229,1798,5492,12942,3321,676,0
"Laredo, TX",23219,0,22835,19,365,0,0
"Wichita, KS",23138,754,7537,12703,2144,0,0
"Harrisburg-Carlisle, PA",23013,3821,1696,14424,3041,31,0
"Manchester-Nashua, NH",22394,4776,7451,4996,5079,92,0
"Scranton--Wilkes-Barre--Hazleton, PA",22052,724,10900,6950,3326,152,0
"Fayetteville-Springdale-Rogers, AR-MO",21576,939,13926,4699,1364,520,128
"Pensacola-Ferry Pass-Brent, FL",21556,187,6538,9778,4464,589,0
"Provo-Orem, UT",20745,316,13930,4182,1719,598,0
"Akron, OH",20093,779,2337,11489,5391,97,0
"Knoxville, TN",19613,960,6498,10026,2040,89,0
"Lancaster, PA",19354,978,4391,9824,4161,0,0
"Lincoln, NE",18797,661,7270,7707,3159,0,0
"Ogden-Clearfield, UT",18538,272,9594,4600,2583,1430,59
"Myrtle Beach-Conway-North Myrtle Beach, SC-NC",18468,1760,5588,3584,7536,0,0
"Las Cruces, NM",18325,0,16042,1612,671,0,0
"Ocala, FL",18323,531,9226,6063,2503,0,0
"Atlantic City-Hammonton, NJ",18292,1415,7549,6539,2660,129,0
"Yuba City, CA",18198,11,5657,11769,532,229,0
"Gainesville, FL",17626,896,7995,6534,2201,0,0
"Birmingham-Hoover, AL",17312,2185,6319,7320,1417,71,0
"Yakima, WA",16898,114,13544,2760,388,92,0
"Columbia, SC",16824,1157,5419,6883,3365,0,0
"Winston-Salem, NC",16442,446,9185,4017,2794,0,0
"Chico, CA",16358,85,3752,10689,1492,340,0
"Corpus Christi, TX",16223,228,11401,3156,1438,0,0
"Olympia-Tumwater, WA",16064,291,2723,11192,1344,514,0
"San Luis Obispo-Paso Robles-Arroyo Grande, CA",15326,241,6856,5736,2493,0,0
"Norwich-New London, CT",15288,0,5805,7115,2231,137,0
"Rockford, IL",15176,843,5770,4802,3761,0,0
"Portland-South Portland, ME",15143,991,4508,4704,4692,248,0
"Salisbury, MD-DE",15055,1322,4731,6537,2465,0,0
"Fayetteville, NC",14836,599,7617,4632,1988,0,0
"Spokane-Spokane Valley, WA",14733,1161,3645,5636,3716,489,86
"Reading, PA",14597,82,10274,2208,2033,0,0
"Beaumont-Port Arthur, TX",14576,869,7804,4797,1106,0,0
"Huntsville, AL",14066,1188,3555,5328,3995,0,0
"Chattanooga, TN-GA",13970,559,4059,6995,2357,0,0
"Toledo, OH",13769,1082,2802,7779,2106,0,0
"Baton Rouge, LA",13757,1376,4500,6582,939,360,0
"East Stroudsburg, PA",13679,247,4166,3961,5305,0,0
"Barnstable Town, MA",13417,81,4133,3290,5702,211,0
"Asheville, NC",13299,377,4679,4796,3427,20,0
"Napa, CA",13298,62,9089,3247,833,67,0
"Springfield, MO",13099,267,1519,7235,4078,0,0
"Sebastian-Vero Beach, FL",13034,137,5739,4620,2538,0,0
"Fort Collins, CO",12254,365,3721,3755,4329,84,0
"Bellingham, WA",11737,0,5478,3805,2221,233,0
"Augusta-Richmond County, GA-SC",11465,933,3793,5624,1115,0,0
"Odessa, TX",11462,0,10663,799,0,0,0
"Hanford-Corcoran, CA",11447,0,5319,4709,1419,0,0
"Fort Wayne, IN",11429,1849,2674,5631,1275,0,0
"Little Rock-North Little Rock-Conway, AR",11429,1252,2787,6166,1224,0,0
"Utica-Rome, NY",11220,113,1814,4414,4879,0,0
"Madera, CA",11120,131,9215,1479,295,0,0
"Amarillo, TX",10971,313,5405,4226,1027,0,0
"Bremerton-Silverdale, WA",10253,288,2220,5772,1857,116,0
"Punta Gorda, FL",9963,343,6985,1056,1579,0,0
"Lafayette, LA",9871,0,3117,5103,1651,0,0
"Lansing-East Lansing, MI",9816,1954,637,5264,1961,0,0
"Eugene, OR",9787,329,2920,5000,1466,72,0
"Spartanburg, SC",9754,1022,2292,2928,3512,0,0
"Burlington-South Burlington, VT",9512,855,2613,2698,2600,746,0
"York-Hanover, PA",9039,578,3841,2559,2061,0,0
"Champaign-Urbana, IL",8974,980,2532,4372,1007,83,0
"Ithaca, NY",8914,695,238,5965,2016,0,0
"College Station-Bryan, TX",8723,425,3603,3717,978,0,0
"Lafayette-West Lafayette, IN",8693,1065,1446,4706,1476,0,0
"Tyler, TX",8638,868,6832,832,106,0,0
"Gainesville, GA",8581,156,6240,1335,850,0,0
"Mobile, AL",8309,0,2315,4900,1094,0,0
"Homosassa Springs, FL",8235,160,4319,1086,2670,0,0
"Binghamton, NY",7956,254,1183,3667,2852,0,0
"Santa Fe, NM",7888,83,2654,1493,3658,0,0
"Kalamazoo-Portage, MI",7780,67,2611,2956,2146,0,0
"Clarksville, TN-KY",7734,245,1648,4684,1157,0,0
"Lubbock, TX",7721,1912,2929,1696,1102,82,0
"Racine, WI",7564,306,2922,2520,1816,0,0
"Hilton Head Island-Bluffton-Beaufort, SC",7448,652,4631,817,1348,0,0
"Midland, TX",7413,343,3845,3151,74,0,0
"Roanoke, VA",7358,200,1032,3405,2721,0,0
"Prescott, AZ",7316,112,2839,1367,2998,0,0
"Montgomery, AL",7006,530,1283,4764,429,0,0
"Tuscaloosa, AL",6855,117,1348,5048,342,0,0
"Redding, CA",6498,0,2048,3532,918,0,0
"Elkhart-Goshen, IN",6476,601,4387,498,990,0,0
"Youngstown-Warren-Boardman, OH-PA",6381,112,1272,3012,1985,0,0
"Lake Havasu City-Kingman, AZ",6378,0,4881,683,814,0,0
"Iowa City, IA",6293,926,517,4251,599,0,0
"Waco, TX",6278,120,5133,1025,0,0,0
"Hickory-Lenoir-Morganton, NC",6268,0,2593,2541,1134,0,0
"Jackson, MS",6139,1453,900,2780,1006,0,0
"Burlington, NC",6021,561,3807,1285,368,0,0
"Wenatchee, WA",5773,482,3733,1104,353,101,0
"Columbia, MO",5770,568,863,3399,940,0,0
"Erie, PA",5703,602,157,1983,2961,0,0
"Bend-Redmond, OR",5640,114,559,2923,1847,197,0
"Greenville, NC",5638,1052,1272,2555,759,0,0
"Canton-Massillon, OH",5353,0,1260,1740,2242,111,0
"Dover, DE",5314,2160,911,1425,818,0,0
"Bloomington, IL",5310,534,1241,2532,1003,0,0
"Shreveport-Bossier City, LA",5275,0,1774,2502,999,0,0
"Wilmington, NC",5124,0,703,2584,1837,0,0
"Harrisonburg, VA",4899,0,1553,2604,742,0,0
"Medford, OR",4810,0,1961,1803,1002,44,0
"Gulfport-Biloxi-Pascagoula, MS",4678,40,1835,2006,797,0,0
"Niles-Benton Harbor, MI",4496,265,674,1718,1836,0,3
"Bloomington, IN",4486,247,1128,1736,1375,0,0
"Topeka, KS",4303,0,749,2938,616,0,0
"St. George, UT",3928,0,2875,445,593,15,0
"Oshkosh-Neenah, WI",3888,98,1009,2401,380,0,0
"Daphne-Fairhope-Foley, AL",3867,359,1014,1180,1314,0,0
"Lawrence, KS",3866,815,0,2662,389,0,0
"Kankakee, IL",3736,0,1572,1965,199,0,0
"Blacksburg-Christiansburg-Radford, VA",3703,398,628,1504,1024,149,0
"St. Joseph, MO-KS",3555,0,886,2650,19,0,0
"Lynchburg, VA",3454,673,924,1517,340,0,0
"State College, PA",3413,0,1114,1122,1177,0,0
"Auburn-Opelika, AL",3190,0,587,1303,1300,0,0
"Flagstaff, AZ",3159,220,1431,891,617,0,0
"San Angelo, TX",3075,149,2420,236,270,0,0
"Wichita Falls, TX",2936,354,421,1648,513,0,0
"Janesville-Beloit, WI",2931,0,1494,561,876,0,0
"Pittsfield, MA",2896,273,749,662,1125,87,0
"Lebanon, PA",2803,34,166,2250,353,0,0
"Pueblo, CO",2803,0,1689,640,474,0,0
"Ocean City, NJ",2750,0,1401,183,1166,0,0
"Glens Falls, NY",2685,88,1148,1002,447,0,0
"Goldsboro, NC",2675,0,1715,877,83,0,0
"Lewiston-Auburn, ME",2645,718,615,1108,204,0,0
"Saginaw, MI",2642,171,477,970,1024,0,0
"Anniston-Oxford-Jacksonville, AL",2579,165,581,1209,624,0,0
"Eau Claire, WI",2578,0,176,2028,374,0,0
"Coeur d'Alene, ID",2487,178,926,581,676,126,0
"Springfield, IL",2451,75,479,1256,641,0,0
"Florence, SC",2390,40,825,982,543,0,0
"Bismarck, ND",2293,262,586,602,843,0,0
"Wausau, WI",2180,138,411,1028,603,0,0
"Sheboygan, WI",2178,0,274,1560,344,0,0
"Morgantown, WV",2081,644,175,1017,245,0,0
"Jackson, MI",1898,0,1353,427,118,0,0
"Charleston, WV",1826,0,437,1204,185,0,0
"Monroe, LA",1782,0,310,1104,368,0,0
"Monroe, MI",1731,0,129,994,608,0,0
"Houma-Thibodaux, LA",1644,0,1325,319,0,0,0
"Muskegon, MI",1626,120,337,1033,136,0,0
"Grand Junction, CO",1455,11,493,389,442,120,0
"Decatur, IL",1416,234,385,452,345,0,0
"Bangor, ME",1379,0,527,728,124,0,0
"Michigan City-La Porte, IN",1331,0,661,338,332,0,0
"Muncie, IN",1256,0,117,1011,128,0,0
"Joplin, MO",1238,0,131,514,593,0,0
"Lima, OH",1205,0,620,503,82,0,0
"Springfield, OH",1198,0,89,509,600,0,0
"La Crosse-Onalaska, WI-MN",1197,115,195,779,108,0,0
"Parkersburg-Vienna, WV",1137,0,113,878,146,0,0
"Mansfield, OH",1122,0,509,258,355,0,0
"Johnstown, PA",858,0,156,462,240,0,0
"Decatur, AL",825,0,206,519,100,0,0
"Rocky Mount, NC",786,22,594,170,0,0,0
"Gadsden, AL",770,0,177,593,0,0,0
"Jackson, TN",744,0,446,187,111,0,0
"Owensboro, KY",634,0,90,445,99,0,0
"Jefferson City, MO",387,0,138,41,208,0,0
