"YEAR","SAMPLE","SERIAL","CBSERIAL","HHWT","CLUSTER","STATEFIP","COUNTYFIP","STRATA","GQ","PERNUM","PERWT","SEX","AGE","BPL","BPLD","CITIZEN","YRNATUR","YRSUSA1","OCC","INCTOT","INCWAGE","category"
2020,202001,814258,2020010029951,51,2020008142581,39,0,280039,3,1,51,1,30,524,52400,2,2018,11,20,0,0,"Management, Business and Financial Operations"
2020,202001,814369,2020010032511,55,2020008143691,39,35,90839,4,1,55,1,20,200,20000,2,2018,19,4110,2000,2000,"Service Occupations"
2020,202001,814504,2020010036073,27,2020008145041,39,57,470039,4,1,27,1,21,515,51500,2,2017,8,3645,19000,19000,"Service Occupations"
2020,202001,815839,2020010070782,52,2020008158391,39,0,280039,3,1,52,1,30,524,52400,2,2018,11,20,0,0,"Management, Business and Financial Operations"
2020,202001,818745,2020010143663,6,2020008187451,39,35,90939,4,1,6,1,20,200,20000,2,2018,19,4110,2000,2000,"Service Occupations"
2020,202001,819095,2020010152052,28,2020008190951,39,0,280039,3,1,28,1,30,524,52400,2,2018,11,20,0,0,"Management, Business and Financial Operations"
2020,202001,820124,2020010178941,47,2020008201241,39,0,420039,3,1,47,1,31,524,52400,2,2017,12,20,0,0,"Management, Business and Financial Operations"
2020,202001,820357,2020010184966,44,2020008203571,39,29,340039,3,1,44,1,28,599,59900,2,2019,4,6260,12500,0,"Natural Resources, Construction, and Maintenance Occupations"
2020,202001,820387,2020010185714,87,2020008203871,39,57,470039,4,1,87,1,21,515,51500,2,2017,8,3645,19000,19000,"Service Occupations"
2020,202001,820573,2020000004303,139,2020008205731,39,61,550339,1,1,139,2,62,600,60099,2,2018,48,5160,45000,0,"Office and Administrative Support Occupations:"
2020,202001,820581,2020000004464,127,2020008205811,39,165,530139,1,2,102,1,66,434,43400,2,2019,27,1006,162110,162000,"Computer and Mathematical Occupations"
2020,202001,820701,2020000007672,163,2020008207011,39,165,530139,1,2,168,1,26,150,15000,2,2019,22,1007,130000,130000,"Computer and Mathematical Occupations"
2020,202001,820722,2020000008066,63,2020008207221,39,61,550239,1,2,69,2,52,518,51800,2,2017,8,4521,35000,35000,"Service Occupations"
2020,202001,820722,2020000008066,63,2020008207221,39,61,550239,1,3,66,1,24,518,51800,2,2019,8,4110,0,0,"Service Occupations"
2020,202001,820738,2020000008491,292,2020008207381,39,93,80239,1,2,277,1,51,300,30040,2,2019,6,1108,114000,90000,"Computer and Mathematical Occupations"
2020,202001,820834,2020000010984,73,2020008208341,39,0,20039,1,1,73,2,73,300,30020,2,2019,39,0,17300,0,NA
2020,202001,820878,2020000012461,79,2020008208781,39,113,460439,1,2,100,2,57,515,51500,2,2018,6,8990,15000,15000,"Production, Transportation, and Material Moving Occupations"
2020,202001,821145,2020000020252,138,2020008211451,39,49,410939,1,2,134,1,30,300,30015,2,2019,12,1021,266000,240000,"Computer and Mathematical Occupations"
2020,202001,821185,2020000021191,141,2020008211851,39,49,410139,1,2,158,2,39,210,21070,2,2020,11,4230,0,0,"Service Occupations"
2020,202001,821239,2020000022860,161,2020008212391,39,49,410139,1,1,161,1,49,600,60065,2,2019,7,9620,22000,22000,"Production, Transportation, and Material Moving Occupations"
2020,202001,821333,2020000025473,583,2020008213331,39,49,410839,1,2,418,2,46,600,60044,2,2018,11,4230,22300,20000,"Service Occupations"
2020,202001,821632,2020000033338,107,2020008216321,39,49,411039,1,1,107,1,35,600,60053,2,2019,14,9130,30000,30000,"Production, Transportation, and Material Moving Occupations"
2020,202001,821661,2020000034232,70,2020008216611,39,49,410439,1,2,80,1,48,465,46500,2,2016,16,1650,40800,29000,"Computer and Mathematical Occupations"
2020,202001,821770,2020000037649,334,2020008217701,39,165,530239,1,2,285,2,30,521,52100,2,2017,6,5120,33000,33000,"Office and Administrative Support Occupations:"
2020,202001,822039,2020000044827,118,2020008220391,39,0,110039,1,1,118,2,53,300,30050,2,2018,13,8100,12700,12700,"Production, Transportation, and Material Moving Occupations"
2020,202001,822039,2020000044827,118,2020008220391,39,0,110039,1,2,172,2,14,300,30050,2,2018,13,0,9999999,999999,NA
2020,202001,822367,2020000055011,366,2020008223671,39,0,150039,1,1,366,1,47,260,26030,2,2020,6,3870,32000,32000,"Service Occupations"
2020,202001,822967,2020000071120,96,2020008229671,39,35,90639,1,1,96,1,38,600,60079,2,2016,10,9600,35000,23400,"Production, Transportation, and Material Moving Occupations"
2020,202001,822967,2020000071120,96,2020008229671,39,35,90639,1,2,121,2,31,600,60079,2,2017,10,8800,5000,0,"Production, Transportation, and Material Moving Occupations"
2020,202001,822967,2020000071120,96,2020008229671,39,35,90639,1,3,101,2,12,600,60054,2,2016,10,0,9999999,999999,NA
2020,202001,823017,2020000072871,505,2020008230171,39,41,400039,1,2,654,1,20,600,60024,2,2017,5,350,32000,32000,"Management, Business and Financial Operations"
2020,202001,823078,2020000074671,101,2020008230781,39,153,180439,1,1,101,1,34,521,52120,2,2019,6,4850,75000,75000,"Sales and Related Occupations:"
2020,202001,823078,2020000074671,101,2020008230781,39,153,180439,1,2,88,2,33,521,52120,2,2019,6,3602,14800,14800,"Service Occupations"
2020,202001,823078,2020000074671,101,2020008230781,39,153,180439,1,4,96,2,29,521,52120,2,2019,6,3601,18800,9500,"Service Occupations"
2020,202001,823202,2020000077946,90,2020008232021,39,49,410639,1,4,106,2,53,521,52120,2,2018,11,4220,14000,14000,"Service Occupations"
2020,202001,823202,2020000077946,90,2020008232021,39,49,410639,1,5,88,1,52,521,52120,2,2018,11,4220,20000,20000,"Service Occupations"
2020,202001,823280,2020000079677,172,2020008232801,39,17,540139,1,2,159,2,24,600,60014,2,2019,4,0,0,0,NA
2020,202001,823545,2020000087044,21,2020008235451,39,0,260039,1,1,21,1,47,410,41000,2,2018,26,4920,31820,0,"Sales and Related Occupations:"
2020,202001,823564,2020000087555,121,2020008235641,39,35,90639,1,1,121,2,71,600,60031,2,2018,6,0,6500,0,NA
2020,202001,823854,2020000094827,59,2020008238541,39,35,90939,1,2,58,1,64,434,43400,2,2019,52,6520,48700,48000,"Natural Resources, Construction, and Maintenance Occupations"
2020,202001,824115,2020000101424,164,2020008241151,39,93,80239,1,4,193,2,11,210,21040,2,2017,5,0,9999999,999999,NA
2020,202001,824115,2020000101424,164,2020008241151,39,93,80239,1,5,164,1,10,210,21040,2,2019,8,0,9999999,999999,NA
2020,202001,824177,2020000102996,179,2020008241771,39,49,410339,1,2,157,2,33,500,50000,2,2018,9,2861,18000,18000,"Education, Legal, Community Service, Arts, and Media Occupations"
2020,202001,824204,2020000103715,610,2020008242041,39,49,410839,1,4,634,1,61,600,60038,2,2018,26,7750,45000,45000,"Production, Transportation, and Material Moving Occupations"
2020,202001,824204,2020000103715,610,2020008242041,39,49,410839,1,5,631,1,58,600,60038,2,2019,20,7750,40000,40000,"Production, Transportation, and Material Moving Occupations"
2020,202001,824259,2020000105443,88,2020008242591,39,45,390039,1,3,114,2,32,210,21070,2,2018,12,120,45000,45000,"Management, Business and Financial Operations"
2020,202001,824356,2020000107836,112,2020008243561,39,61,550339,1,1,112,2,42,600,60023,2,2016,15,3255,70000,70000,"Healthcare Practitioners and Technical Occupations"
2020,202001,824628,2020000115412,39,2020008246281,39,0,330039,1,2,35,2,62,452,45212,2,2017,8,0,0,0,NA
2020,202001,824780,2020000119972,90,2020008247801,39,41,400039,1,1,90,2,39,521,52140,2,2016,14,1021,125000,125000,"Computer and Mathematical Occupations"
2020,202001,824780,2020000119972,90,2020008247801,39,41,400039,1,2,85,2,16,521,52140,2,2016,14,0,0,0,NA
2020,202001,824869,2020000122263,192,2020008248691,39,61,550239,1,1,192,1,21,210,21040,2,2017,3,6230,22000,22000,"Natural Resources, Construction, and Maintenance Occupations"
2020,202001,824975,2020000125419,118,2020008249751,39,113,460139,1,3,119,2,51,532,53200,2,2019,6,0,7500,0,NA
2020,202001,824980,2020000125568,92,2020008249801,39,165,530239,1,2,110,1,64,502,50200,2,2016,44,750,70000,70000,"Management, Business and Financial Operations"
2020,202001,825215,2020000132410,165,2020008252151,39,49,410639,1,2,184,2,33,521,52140,2,2016,6,0,0,0,NA
2020,202001,825514,2020000139941,126,2020008255141,39,153,180339,1,1,126,2,22,517,51700,2,2017,14,5400,6300,6300,"Office and Administrative Support Occupations:"
2020,202001,825586,2020000141743,659,2020008255861,39,49,410439,1,3,603,2,61,434,43400,2,2020,45,0,9700,0,NA
2020,202001,825713,2020000145537,408,2020008257131,39,49,410639,1,1,408,2,26,600,60045,2,2017,14,9620,310,310,"Production, Transportation, and Material Moving Occupations"
2020,202001,825985,2020000153185,139,2020008259851,39,17,540139,1,1,139,1,54,600,60044,2,2019,7,7700,53000,47000,"Production, Transportation, and Material Moving Occupations"
2020,202001,825985,2020000153185,139,2020008259851,39,17,540139,1,2,145,2,52,600,60044,2,2019,7,8740,33300,30000,"Production, Transportation, and Material Moving Occupations"
2020,202001,825985,2020000153185,139,2020008259851,39,17,540139,1,3,179,2,16,600,60044,2,2019,7,0,0,0,NA
2020,202001,825985,2020000153185,139,2020008259851,39,17,540139,1,4,151,1,15,600,60044,2,2019,7,0,0,999999,NA
2020,202001,825986,2020000153293,90,2020008259861,39,49,410439,1,1,90,1,24,500,50000,2,2017,3,0,0,0,NA
2020,202001,826233,2020000160187,247,2020008262331,39,49,411139,1,1,247,1,28,600,60024,2,2019,14,8225,27000,27000,"Production, Transportation, and Material Moving Occupations"
2020,202001,826325,2020000163044,119,2020008263251,39,61,550539,1,1,119,2,45,456,45600,2,2017,20,4200,50000,0,"Service Occupations"
2020,202001,826829,2020000176135,115,2020008268291,39,35,90439,1,2,113,2,31,600,60012,2,2016,7,4220,1200,0,"Service Occupations"
2020,202001,826839,2020000176376,151,2020008268391,39,61,550239,1,1,151,1,41,521,52120,2,2018,16,3602,14000,14000,"Service Occupations"
2020,202001,827046,2020000182131,156,2020008270461,39,41,400039,1,3,149,2,16,521,52140,2,2016,14,0,0,0,NA
2020,202001,827433,2020000192149,69,2020008274331,39,0,450039,1,3,96,1,26,600,60075,2,2016,13,7750,19000,19000,"Production, Transportation, and Material Moving Occupations"
2020,202001,827478,2020000193624,237,2020008274781,39,17,540239,1,1,237,2,50,434,43400,2,2019,9,8800,15600,15600,"Production, Transportation, and Material Moving Occupations"
2020,202001,827478,2020000193624,237,2020008274781,39,17,540239,1,2,208,1,55,434,43400,2,2019,9,0,0,0,NA
2020,202001,827478,2020000193624,237,2020008274781,39,17,540239,1,3,219,2,13,434,43400,2,2019,9,0,9999999,999999,NA
2020,202001,827747,2020000201359,64,2020008277471,39,153,180239,1,2,83,2,45,543,54300,2,2017,20,530,135000,135000,"Management, Business and Financial Operations"
2020,202001,827795,2020000202741,70,2020008277951,39,41,400039,1,1,70,1,33,438,43800,2,2019,6,1410,75000,75000,"Computer and Mathematical Occupations"
2020,202001,828189,2020000212923,66,2020008281891,39,0,450039,1,1,66,2,45,457,45720,2,2018,17,3602,25000,25000,"Service Occupations"
2020,202001,828285,2020000215206,73,2020008282851,39,35,90639,1,2,89,2,23,500,50000,2,2017,10,5120,40000,40000,"Office and Administrative Support Occupations:"
2020,202001,828403,2020000218259,93,2020008284031,39,49,410639,1,2,71,2,53,260,26010,2,2017,27,5110,0,0,"Office and Administrative Support Occupations:"
2020,202001,828584,2020000223335,392,2020008285841,39,35,90339,1,2,409,1,58,521,52100,2,2017,9,1050,85000,85000,"Computer and Mathematical Occupations"
2020,202001,828628,2020000224900,57,2020008286281,39,35,90539,1,3,63,2,42,456,45600,2,2017,17,4700,9000,0,"Sales and Related Occupations:"
2020,202001,828713,2020000226939,105,2020008287131,39,41,400039,1,1,105,1,45,521,52100,2,2017,16,1021,101600,101000,"Computer and Mathematical Occupations"
2020,202001,828713,2020000226939,105,2020008287131,39,41,400039,1,2,145,2,40,521,52100,2,2017,15,1006,29000,29000,"Computer and Mathematical Occupations"
2020,202001,828859,2020000231572,100,2020008288591,39,153,180239,1,1,100,1,21,524,52400,2,2019,6,4720,800,0,"Sales and Related Occupations:"
2020,202001,828859,2020000231572,100,2020008288591,39,153,180239,1,2,118,1,25,524,52400,2,2019,7,4720,5000,0,"Sales and Related Occupations:"
2020,202001,828859,2020000231572,100,2020008288591,39,153,180239,1,5,138,2,77,521,52120,2,2019,6,0,8400,0,NA
2020,202001,829129,2020000238938,73,2020008291291,39,0,20039,1,2,96,2,35,515,51500,2,2018,17,9600,30000,30000,"Production, Transportation, and Material Moving Occupations"
2020,202001,829165,2020000239867,146,2020008291651,39,49,410539,1,1,146,1,29,521,52100,2,2019,6,9645,39100,34000,"Production, Transportation, and Material Moving Occupations"
2020,202001,829235,2020000241514,226,2020008292351,39,49,410639,1,5,183,2,73,521,52100,2,2019,9,0,18000,0,NA
2020,202001,829288,2020000243187,88,2020008292881,39,49,410739,1,1,88,1,45,600,60044,2,2019,11,9600,41400,32000,"Production, Transportation, and Material Moving Occupations"
2020,202001,829301,2020000243531,108,2020008293011,39,49,411139,1,5,185,2,81,521,52150,2,2020,7,0,2000,0,NA
2020,202001,829477,2020000248587,88,2020008294771,39,0,290039,1,2,93,2,38,425,42500,2,2019,5,2310,1000,0,"Education, Legal, Community Service, Arts, and Media Occupations"
2020,202001,829522,2020000249689,70,2020008295221,39,49,410639,2,2,98,1,31,600,60075,2,2017,10,6260,35000,35000,"Natural Resources, Construction, and Maintenance Occupations"
2020,202001,829653,2020000253633,102,2020008296531,39,61,550339,1,1,102,1,44,600,60032,2,2018,21,6330,51700,50000,"Natural Resources, Construction, and Maintenance Occupations"
2020,202001,829729,2020000255946,100,2020008297291,39,153,180239,1,1,100,1,30,521,52120,2,2016,11,8990,33000,33000,"Production, Transportation, and Material Moving Occupations"
2020,202001,829729,2020000255946,100,2020008297291,39,153,180239,1,2,76,2,31,521,52120,2,2017,9,8990,33000,28000,"Production, Transportation, and Material Moving Occupations"
2020,202001,829760,2020000256639,64,2020008297601,39,169,200039,1,1,64,1,43,456,45600,2,2020,14,1410,80000,80000,"Computer and Mathematical Occupations"
2020,202001,829760,2020000256639,64,2020008297601,39,169,200039,1,2,74,2,38,457,45700,2,2019,4,630,16000,16000,"Management, Business and Financial Operations"
2020,202001,829806,2020000257595,163,2020008298061,39,49,410139,1,1,163,2,60,300,30025,2,2016,34,0,0,0,NA
2020,202001,829865,2020000259247,128,2020008298651,39,35,91039,1,1,128,1,42,521,52100,2,2019,10,1650,88000,87000,"Computer and Mathematical Occupations"
2020,202001,829865,2020000259247,128,2020008298651,39,35,91039,1,2,99,2,39,521,52100,2,2019,10,4600,4400,4400,"Service Occupations"
2020,202001,830287,2020000270427,154,2020008302871,39,113,460439,1,1,154,1,59,260,26044,2,2018,2,6260,48000,48000,"Natural Resources, Construction, and Maintenance Occupations"
2020,202001,830456,2020000274940,143,2020008304561,39,89,380039,1,2,148,2,45,600,60032,2,2020,21,0,0,0,NA
2020,202001,830543,2020000277161,338,2020008305431,39,49,411039,1,1,338,2,35,600,60053,2,2016,9,3601,4160,360,"Service Occupations"
2020,202001,830659,2020000280301,79,2020008306591,39,49,410139,1,2,68,2,52,600,60031,2,2017,14,2014,44700,44700,"Education, Legal, Community Service, Arts, and Media Occupations"
2020,202001,830763,2020000282961,94,2020008307631,39,35,90339,1,5,75,2,68,465,46530,2,2020,7,4230,6000,6000,"Service Occupations"
2020,202001,830812,2020000284572,212,2020008308121,39,61,550439,1,2,251,1,26,700,70010,2,2016,22,3930,37700,37700,"Service Occupations"
2020,202001,830841,2020000285259,103,2020008308411,39,0,100039,1,2,108,1,55,410,41000,2,2016,42,9130,65000,65000,"Production, Transportation, and Material Moving Occupations"
2020,202001,830999,2020000289880,82,2020008309991,39,61,550739,1,1,82,2,44,542,54200,2,2018,18,350,90000,90000,"Management, Business and Financial Operations"
2020,202001,831062,2020000291724,114,2020008310621,39,41,400039,1,1,114,1,50,433,43300,2,2018,14,120,47000,47000,"Management, Business and Financial Operations"
2020,202001,831084,2020000292274,211,2020008310841,39,0,420039,1,1,211,2,51,532,53200,2,2017,8,9630,10100,10100,"Production, Transportation, and Material Moving Occupations"
2020,202001,831084,2020000292274,211,2020008310841,39,0,420039,1,2,242,2,23,532,53200,2,2017,8,3421,0,0,"Healthcare Practitioners and Technical Occupations"
2020,202001,831084,2020000292274,211,2020008310841,39,0,420039,1,3,223,1,18,532,53200,2,2018,8,9620,10200,10200,"Production, Transportation, and Material Moving Occupations"
2020,202001,831084,2020000292274,211,2020008310841,39,0,420039,1,4,230,1,14,532,53200,2,2018,8,0,9999999,999999,NA
2020,202001,831199,2020000295597,199,2020008311991,39,49,410639,1,3,213,1,33,210,21030,2,2019,6,4760,30000,30000,"Sales and Related Occupations:"
2020,202001,831607,2020000306969,69,2020008316071,39,0,150039,1,2,69,1,48,456,45600,2,2018,12,9130,15000,0,"Production, Transportation, and Material Moving Occupations"
2020,202001,831615,2020000307202,159,2020008316151,39,139,220039,1,2,221,2,32,210,21030,2,2018,12,3640,92000,92000,"Service Occupations"
2020,202001,831753,2020000310919,69,2020008317531,39,113,460239,1,2,67,1,48,410,41000,2,2018,24,7340,45000,45000,"Natural Resources, Construction, and Maintenance Occupations"
2020,202001,831779,2020000311297,66,2020008317791,39,61,550639,1,2,84,2,37,500,50000,2,2016,19,310,12200,12200,"Management, Business and Financial Operations"
2020,202001,831783,2020000311395,172,2020008317831,39,35,90739,1,1,172,1,30,600,60079,2,2019,8,9130,25340,25000,"Production, Transportation, and Material Moving Occupations"
2020,202001,831809,2020000311983,116,2020008318091,39,17,540139,1,2,153,2,42,521,52100,2,2019,16,3090,433000,433000,"Healthcare Practitioners and Technical Occupations"
2020,202001,832154,2020000321442,127,2020008321541,39,113,460439,1,1,127,1,37,600,60011,2,2019,6,9640,10600,10600,"Production, Transportation, and Material Moving Occupations"
2020,202001,832154,2020000321442,127,2020008321541,39,113,460439,1,2,123,2,36,600,60011,2,2019,6,0,0,0,NA
2020,202001,832154,2020000321442,127,2020008321541,39,113,460439,1,3,114,2,7,600,60011,2,2020,6,0,9999999,999999,NA
2020,202001,832190,2020000322619,183,2020008321901,39,49,411039,1,2,239,2,27,300,30015,2,2018,8,4510,0,0,"Service Occupations"
2020,202001,832309,2020000326002,108,2020008323091,39,49,410139,1,1,108,1,56,700,70010,2,2017,10,10,730000,433000,"Management, Business and Financial Operations"
2020,202001,832309,2020000326002,108,2020008323091,39,49,410139,1,2,114,2,56,700,70010,2,2017,10,0,0,0,NA
2020,202001,832588,2020000333764,200,2020008325881,39,49,411139,1,4,222,1,9,210,21030,2,2017,3,0,9999999,999999,NA
2020,202001,832632,2020000335305,252,2020008326321,39,45,390039,1,1,252,1,59,521,52120,2,2019,10,4720,26300,26300,"Sales and Related Occupations:"
2020,202001,832971,2020000344820,233,2020008329711,39,49,411039,1,2,235,2,32,600,60053,2,2019,6,0,0,0,NA
2020,202001,833186,2020000350890,100,2020008331861,39,41,400039,1,1,100,1,50,521,52100,2,2017,24,705,108000,108000,"Management, Business and Financial Operations"
2020,202001,833186,2020000350890,100,2020008331861,39,41,400039,1,2,137,2,45,521,52100,2,2017,18,2545,510,510,"Education, Legal, Community Service, Arts, and Media Occupations"
2020,202001,833246,2020000352483,166,2020008332461,39,49,410539,1,1,166,1,26,521,52100,2,2016,22,1650,27600,27600,"Computer and Mathematical Occupations"
2020,202001,833325,2020000354666,28,2020008333251,39,139,220039,1,1,28,2,44,457,45740,2,2018,27,2310,46000,46000,"Education, Legal, Community Service, Arts, and Media Occupations"
2020,202001,833363,2020000355707,82,2020008333631,39,35,90739,1,1,82,1,66,535,53500,2,2017,8,9142,9400,0,"Production, Transportation, and Material Moving Occupations"
2020,202001,833363,2020000355707,82,2020008333631,39,35,90739,1,2,84,2,56,535,53500,2,2017,8,0,0,0,NA
2020,202001,833363,2020000355707,82,2020008333631,39,35,90739,1,3,105,1,26,543,54300,2,2017,8,220,7000,7000,"Management, Business and Financial Operations"
2020,202001,833363,2020000355707,82,2020008333631,39,35,90739,1,4,101,1,23,543,54300,2,2017,8,0,0,0,NA
2020,202001,833363,2020000355707,82,2020008333631,39,35,90739,1,5,86,2,16,543,54300,2,2017,8,0,0,0,NA
2020,202001,833363,2020000355707,82,2020008333631,39,35,90739,1,6,91,1,10,543,54300,2,2017,8,0,9999999,999999,NA
2020,202001,833410,2020000356959,146,2020008334101,39,113,460139,1,2,171,2,39,521,52100,2,2017,14,4030,13000,13000,"Service Occupations"
2020,202001,833523,2020000360452,290,2020008335231,39,49,410539,2,6,332,1,21,521,52100,2,2019,22,2205,10000,10000,"Education, Legal, Community Service, Arts, and Media Occupations"
2020,202001,833526,2020000360509,129,2020008335261,39,35,90539,1,1,129,1,52,600,60014,2,2017,20,4220,7600,0,"Service Occupations"
2020,202001,833706,2020000365465,90,2020008337061,39,61,550439,1,1,90,2,51,600,60031,2,2019,6,2300,24100,24100,"Education, Legal, Community Service, Arts, and Media Occupations"
2020,202001,833706,2020000365465,90,2020008337061,39,61,550439,1,3,149,1,20,600,60031,2,2019,6,4760,20300,20300,"Sales and Related Occupations:"
2020,202001,833706,2020000365465,90,2020008337061,39,61,550439,1,4,123,2,17,600,60031,2,2019,6,4760,8800,8800,"Sales and Related Occupations:"
2020,202001,833944,2020000372021,221,2020008339441,39,49,410139,1,1,221,1,23,524,52400,2,2019,8,7700,13000,13000,"Production, Transportation, and Material Moving Occupations"
2020,202001,833944,2020000372021,221,2020008339441,39,49,410139,1,2,235,2,37,521,52120,2,2019,8,0,9300,0,NA
2020,202001,833944,2020000372021,221,2020008339441,39,49,410139,1,3,269,1,67,521,52120,2,2019,8,0,6000,0,NA
2020,202001,833944,2020000372021,221,2020008339441,39,49,410139,1,4,212,2,62,521,52120,2,2019,8,0,8200,0,NA
2020,202001,834151,2020000377118,55,2020008341511,39,3,250039,1,1,55,1,45,521,52100,2,2019,17,3250,162000,160000,"Healthcare Practitioners and Technical Occupations"
2020,202001,834151,2020000377118,55,2020008341511,39,3,250039,1,2,83,2,45,521,52100,2,2019,20,1760,1e+05,1e+05,"Computer and Mathematical Occupations"
2020,202001,834743,2020000394206,73,2020008347431,39,61,550239,1,2,92,2,49,521,52100,2,2018,16,5120,12900,12900,"Office and Administrative Support Occupations:"
2020,202001,834786,2020000395271,112,2020008347861,39,49,410239,1,3,127,1,20,600,60023,2,2017,5,3602,10000,10000,"Service Occupations"
2020,202001,834786,2020000395271,112,2020008347861,39,49,410239,1,4,106,2,17,600,60023,2,2019,6,0,0,0,NA
2020,202001,834786,2020000395271,112,2020008347861,39,49,410239,1,6,117,1,11,600,60023,2,2016,4,0,9999999,999999,NA
2020,202001,834828,2020000396377,138,2020008348281,39,35,90839,1,1,138,2,41,260,26030,2,2018,17,4020,4800,4800,"Service Occupations"
2020,202001,834856,2020000397099,81,2020008348561,39,49,410139,1,2,89,1,49,600,60053,2,2019,7,0,0,0,NA
2020,202001,834924,2020000399450,112,2020008349241,39,57,470039,1,1,112,1,32,421,42100,2,2017,23,1760,70000,70000,"Computer and Mathematical Occupations"
2020,202001,834962,2020000400454,98,2020008349621,39,153,180239,1,1,98,2,41,518,51800,2,2019,6,4521,20000,20000,"Service Occupations"
2020,202001,835091,2020000403628,99,2020008350911,39,35,90639,1,2,82,1,63,500,50000,2,2019,36,4020,0,0,"Service Occupations"
2020,202001,835177,2020000406199,115,2020008351771,39,0,280039,1,2,180,2,67,515,51500,2,2016,12,8740,40000,40000,"Production, Transportation, and Material Moving Occupations"
2020,202001,835237,2020000407969,68,2020008352371,39,35,90639,1,1,68,1,51,434,43400,2,2017,14,440,174900,168000,"Management, Business and Financial Operations"
2020,202001,835237,2020000407969,68,2020008352371,39,35,90639,1,2,89,2,40,300,30030,2,2018,21,350,156000,155000,"Management, Business and Financial Operations"
2020,202001,835335,2020000410489,191,2020008353351,39,49,410839,1,1,191,1,34,500,50000,2,2017,20,800,68000,68000,"Management, Business and Financial Operations"
2020,202001,835392,2020000412300,136,2020008353921,39,0,100039,1,1,136,1,41,413,41300,2,2018,17,1108,1e+05,1e+05,"Computer and Mathematical Occupations"
2020,202001,835578,2020000417980,143,2020008355781,39,61,550239,1,1,143,1,24,524,52400,2,2019,10,1050,35000,35000,"Computer and Mathematical Occupations"
2020,202001,835578,2020000417980,143,2020008355781,39,61,550239,1,4,160,2,52,521,52120,2,2020,10,0,0,0,NA
2020,202001,835681,2020000421021,471,2020008356811,39,113,460339,1,1,471,1,30,518,51800,2,2016,10,4521,44000,0,"Service Occupations"
2020,202001,835775,2020000423826,85,2020008357751,39,113,460239,1,1,85,2,37,300,30050,2,2017,36,2640,61200,19200,"Education, Legal, Community Service, Arts, and Media Occupations"
2020,202001,835820,2020000424910,110,2020008358201,39,165,530239,1,1,110,1,46,300,30025,2,2018,18,2555,35000,35000,"Education, Legal, Community Service, Arts, and Media Occupations"
2020,202001,835820,2020000424910,110,2020008358201,39,165,530239,1,2,100,2,47,300,30025,2,2018,18,5940,63000,63000,"Office and Administrative Support Occupations:"
2020,202001,835838,2020000425291,133,2020008358381,39,17,540139,1,1,133,2,52,600,60045,2,2016,10,9920,0,0,"Production, Transportation, and Material Moving Occupations"
2020,202001,835838,2020000425291,133,2020008358381,39,17,540139,1,2,137,1,52,600,60045,2,2019,7,3740,124400,1e+05,"Service Occupations"
2020,202001,835857,2020000425872,192,2020008358571,39,61,550239,1,1,192,1,34,600,60026,2,2019,7,4760,40000,40000,"Sales and Related Occupations:"
2020,202001,835857,2020000425872,192,2020008358571,39,61,550239,1,2,185,2,27,600,60038,2,2019,7,3602,0,0,"Service Occupations"
2020,202001,835886,2020000426511,133,2020008358861,39,61,550339,1,1,133,1,33,600,60026,2,2019,6,4700,32000,32000,"Sales and Related Occupations:"
2020,202001,835886,2020000426511,133,2020008358861,39,61,550339,1,2,111,1,39,600,60026,2,2018,8,5610,105000,47000,"Office and Administrative Support Occupations:"
2020,202001,835960,2020000428069,130,2020008359601,39,35,91039,1,1,130,1,48,300,30015,2,2016,21,3090,431700,433000,"Healthcare Practitioners and Technical Occupations"
2020,202001,835960,2020000428069,130,2020008359601,39,35,91039,1,2,122,2,46,300,30015,2,2016,21,3090,433000,433000,"Healthcare Practitioners and Technical Occupations"
2020,202001,836245,2020000436734,113,2020008362451,39,49,410439,1,2,132,2,27,500,50030,2,2019,19,4030,10000,10000,"Service Occupations"
2020,202001,836460,2020000442619,200,2020008364601,39,57,470039,1,2,201,2,44,421,42100,2,2017,18,1760,65000,65000,"Computer and Mathematical Occupations"
2020,202001,836547,2020000445175,888,2020008365471,39,49,410339,1,1,888,1,44,521,52100,2,2016,20,1021,135000,120000,"Computer and Mathematical Occupations"
2020,202001,836798,2020000452061,195,2020008367981,39,165,530239,1,2,185,1,43,200,20000,2,2016,16,2640,80000,80000,"Education, Legal, Community Service, Arts, and Media Occupations"
2020,202001,837117,2020000460697,74,2020008371171,39,35,90439,1,2,98,2,63,500,50000,2,2020,38,3603,42000,40000,"Service Occupations"
2020,202001,837180,2020000462672,49,2020008371801,39,35,90939,1,4,65,2,13,210,21040,2,2020,11,0,9999999,999999,NA
2020,202001,837206,2020000463325,121,2020008372061,39,0,420039,1,2,161,1,42,501,50100,2,2016,19,1065,95000,95000,"Computer and Mathematical Occupations"
2020,202001,837454,2020000469945,36,2020008374541,39,0,270039,1,2,39,2,52,413,41300,2,2018,19,0,0,0,NA
2020,202001,837943,2020000483736,123,2020008379431,39,49,410439,1,1,123,1,53,524,52400,2,2017,18,1760,5000,5000,"Computer and Mathematical Occupations"
2020,202001,837946,2020000483974,96,2020008379461,39,0,70039,1,1,96,2,36,210,21040,2,2017,27,0,0,0,NA
2020,202001,838197,2020000491357,138,2020008381971,39,49,410839,1,1,138,1,44,600,60044,2,2020,6,7750,36300,36300,"Production, Transportation, and Material Moving Occupations"
2020,202001,838213,2020000491875,83,2020008382131,39,49,410539,1,1,83,1,41,500,50000,2,2018,16,2205,1e+05,1e+05,"Education, Legal, Community Service, Arts, and Media Occupations"
2020,202001,838405,2020000497053,77,2020008384051,39,0,420039,1,1,77,2,41,521,52100,2,2016,13,1022,110000,110000,"Computer and Mathematical Occupations"
2020,202001,838405,2020000497053,77,2020008384051,39,0,420039,1,2,109,1,43,521,52100,2,2016,18,1021,95000,95000,"Computer and Mathematical Occupations"
2020,202001,838428,2020000497568,533,2020008384281,39,17,540139,1,2,465,2,68,450,45000,2,2016,28,4950,6000,0,"Sales and Related Occupations:"
2020,202001,838775,2020000506243,78,2020008387751,39,49,410639,1,3,140,1,22,600,60023,2,2016,6,3603,4000,4000,"Service Occupations"
2020,202001,839129,2020000515339,60,2020008391291,39,0,150039,1,2,53,2,74,456,45600,2,2017,7,0,40000,0,NA
2020,202001,839189,2020000516947,184,2020008391891,39,35,90639,1,1,184,1,29,534,53400,2,2019,6,6355,36000,36000,"Natural Resources, Construction, and Maintenance Occupations"
2020,202001,839526,2020000526306,168,2020008395261,39,0,560039,1,1,168,1,35,600,60038,2,2018,11,9130,82000,82000,"Production, Transportation, and Material Moving Occupations"
2020,202001,839619,2020000529202,88,2020008396191,39,35,90739,1,2,78,1,64,455,45500,2,2018,27,8990,41000,41000,"Production, Transportation, and Material Moving Occupations"
2020,202001,839793,2020000534560,441,2020008397931,39,41,400039,1,1,441,2,45,500,50000,2,2018,21,2100,54000,54000,"Education, Legal, Community Service, Arts, and Media Occupations"
2020,202001,839793,2020000534560,441,2020008397931,39,41,400039,1,2,395,1,45,500,50000,2,2018,20,3256,433000,433000,"Healthcare Practitioners and Technical Occupations"
2020,202001,839821,2020000535448,41,2020008398211,39,35,91039,1,2,50,2,44,500,50000,2,2018,18,5810,30000,30000,"Office and Administrative Support Occupations:"
2020,202001,839851,2020000536150,627,2020008398511,39,49,410239,1,2,650,2,30,200,20000,2,2019,12,4720,3600,3600,"Sales and Related Occupations:"
2020,202001,839851,2020000536150,627,2020008398511,39,49,410239,1,5,523,1,53,200,20000,2,2017,27,4251,21600,21600,"Service Occupations"
2020,202001,839994,2020000539780,82,2020008399941,39,35,90939,1,2,156,1,41,517,51700,2,2017,40,3930,22000,22000,"Service Occupations"
2020,202001,840034,2020000541084,65,2020008400341,39,0,10039,1,2,109,2,69,515,51500,2,2016,48,8740,31700,31700,"Production, Transportation, and Material Moving Occupations"
2020,202001,840108,2020000542784,56,2020008401081,39,23,430039,1,2,74,2,47,521,52100,2,2019,8,2300,43680,43400,"Education, Legal, Community Service, Arts, and Media Occupations"
2020,202001,840196,2020000545177,101,2020008401961,39,49,410339,1,1,101,1,56,521,52100,2,2018,20,1050,125000,125000,"Computer and Mathematical Occupations"
2020,202001,840196,2020000545177,101,2020008401961,39,49,410339,1,2,116,2,54,521,52100,2,2018,19,0,0,0,NA
2020,202001,840196,2020000545177,101,2020008401961,39,49,410339,1,3,115,2,26,521,52100,2,2018,19,420,60000,60000,"Management, Business and Financial Operations"
2020,202001,840272,2020000547386,123,2020008402721,39,49,410139,1,1,123,2,40,521,52100,2,2017,16,440,111000,76000,"Management, Business and Financial Operations"
2020,202001,840288,2020000547837,97,2020008402881,39,35,90439,1,1,97,2,60,465,46530,2,2016,20,4220,11000,0,"Service Occupations"
2020,202001,840288,2020000547837,97,2020008402881,39,35,90439,1,2,91,1,65,465,46530,2,2016,20,4220,16900,16900,"Service Occupations"
2020,202001,840369,2020000550220,111,2020008403691,39,0,40039,1,1,111,1,49,521,52100,2,2016,23,1021,130000,120000,"Computer and Mathematical Occupations"
2020,202001,840503,2020000553357,100,2020008405031,39,165,530139,1,2,89,2,43,465,46500,2,2017,14,440,38000,0,"Management, Business and Financial Operations"
2020,202001,840800,2020000561385,62,2020008408001,39,0,310039,1,2,54,2,48,200,20000,2,2018,15,4230,0,0,"Service Occupations"
2020,202001,840827,2020000562179,62,2020008408271,39,49,410239,1,1,62,1,44,600,60023,2,2018,7,520,68000,68000,"Management, Business and Financial Operations"
2020,202001,840964,2020000566094,104,2020008409641,39,45,390039,1,2,99,2,33,521,52120,2,2016,11,3601,20800,20800,"Service Occupations"
2020,202001,841125,2020000570887,131,2020008411251,39,0,310039,1,1,131,2,52,150,15000,2,2017,29,5110,40000,40000,"Office and Administrative Support Occupations:"
2020,202001,841169,2020000572109,114,2020008411691,39,49,411139,1,1,114,2,54,600,60053,2,2017,20,1541,48000,48000,"Computer and Mathematical Occupations"
2020,202001,841173,2020000572229,130,2020008411731,39,41,400039,1,1,130,1,41,521,52100,2,2017,20,110,130000,130000,"Management, Business and Financial Operations"
2020,202001,841173,2020000572229,130,2020008411731,39,41,400039,1,2,103,2,38,521,52100,2,2017,15,440,105000,105000,"Management, Business and Financial Operations"
2020,202001,841173,2020000572229,130,2020008411731,39,41,400039,1,5,91,1,18,521,52100,2,2017,10,0,0,0,NA
2020,202001,841335,2020000576534,162,2020008413351,39,49,410639,1,3,178,2,7,524,52400,2,2016,4,0,9999999,999999,NA
2020,202001,841335,2020000576534,162,2020008413351,39,49,410639,1,4,214,2,3,524,52400,2,2018,2,0,9999999,999999,NA
2020,202001,841875,2020000591574,114,2020008418751,39,49,410639,1,1,114,2,30,600,60045,2,2016,7,0,0,0,NA
2020,202001,841875,2020000591574,114,2020008418751,39,49,410639,1,3,106,2,9,600,60045,2,2019,7,0,9999999,999999,NA
2020,202001,842019,2020000595595,132,2020008420191,39,165,530139,1,2,123,1,36,465,46530,2,2017,15,6230,19000,0,"Natural Resources, Construction, and Maintenance Occupations"
2020,202001,842080,2020000597101,133,2020008420801,39,0,560039,1,3,116,2,19,500,50000,2,2017,15,0,6000,0,NA
2020,202001,842146,2020000598687,87,2020008421461,39,153,180339,1,2,113,2,39,521,52120,2,2019,7,9645,14000,14000,"Production, Transportation, and Material Moving Occupations"
2020,202001,842925,2020000620605,709,2020008429251,39,49,410939,1,1,709,2,33,600,60014,2,2019,10,9620,25000,25000,"Production, Transportation, and Material Moving Occupations"
2020,202001,843022,2020000623074,101,2020008430221,39,17,540139,1,2,174,1,39,515,51500,2,2017,8,9620,48200,48000,"Production, Transportation, and Material Moving Occupations"
2020,202001,843148,2020000626392,75,2020008431481,39,49,410439,1,3,100,1,34,500,50000,2,2018,10,8740,24200,24200,"Production, Transportation, and Material Moving Occupations"
2020,202001,843317,2020000630466,48,2020008433171,39,35,91039,1,1,48,2,48,502,50200,2,2019,12,0,58000,0,NA
2020,202001,843345,2020000630973,121,2020008433451,39,49,411139,1,1,121,1,59,465,46530,2,2020,22,4950,3600,0,"Sales and Related Occupations:"
2020,202001,843345,2020000630973,121,2020008433451,39,49,411139,1,2,125,2,59,465,46530,2,2020,22,7800,30000,30000,"Production, Transportation, and Material Moving Occupations"
2020,202001,843432,2020000633639,138,2020008434321,39,49,411139,1,1,138,1,55,521,52100,2,2017,31,1760,90000,75000,"Computer and Mathematical Occupations"
2020,202001,843453,2020000634368,89,2020008434531,39,0,70039,1,1,89,1,45,300,30065,2,2017,9,440,440000,433000,"Management, Business and Financial Operations"
2020,202001,843453,2020000634368,89,2020008434531,39,0,70039,1,2,82,2,48,300,30065,2,2017,9,20,195000,195000,"Management, Business and Financial Operations"
2020,202001,843453,2020000634368,89,2020008434531,39,0,70039,1,3,99,1,14,300,30065,2,2017,9,0,9999999,999999,NA
2020,202001,843453,2020000634368,89,2020008434531,39,0,70039,1,4,94,1,10,300,30065,2,2017,9,0,9999999,999999,NA
2020,202001,843625,2020000639059,336,2020008436251,39,49,410839,1,1,336,2,35,600,60027,2,2019,21,3640,37000,37000,"Service Occupations"
2020,202001,843970,2020000648414,62,2020008439701,39,35,90439,1,5,70,1,73,521,52120,2,2019,9,0,1400,0,NA
2020,202001,843970,2020000648414,62,2020008439701,39,35,90439,1,6,57,2,58,521,52120,2,2017,9,0,1300,0,NA
2020,202001,844036,2020000650304,81,2020008440361,39,93,80239,1,2,103,2,41,515,51500,2,2016,3,4110,1600,1600,"Service Occupations"
2020,202001,844307,2020000657238,74,2020008443071,39,0,160039,1,2,69,1,35,425,42500,2,2016,13,9030,137000,137000,"Production, Transportation, and Material Moving Occupations"
2020,202001,844368,2020000658667,96,2020008443681,39,49,410439,1,1,96,2,56,500,50000,2,2016,26,1065,90100,90000,"Computer and Mathematical Occupations"
2020,202001,844393,2020000659196,189,2020008443931,39,49,411139,1,2,146,1,33,535,53500,2,2017,6,7020,20000,20000,"Natural Resources, Construction, and Maintenance Occupations"
2020,202001,844414,2020000659729,62,2020008444141,39,113,460239,1,3,111,1,32,600,60057,2,2019,6,4230,750,750,"Service Occupations"
2020,202001,844414,2020000659729,62,2020008444141,39,113,460239,1,4,82,2,15,600,60057,2,2019,7,0,8700,999999,NA
2020,202001,844579,2020000664353,80,2020008445791,39,103,190039,1,1,80,2,69,453,45300,2,2019,64,5740,35100,0,"Office and Administrative Support Occupations:"
2020,202001,844653,2020000666329,87,2020008446531,39,49,410739,1,2,79,1,66,600,60099,2,2018,41,2025,55000,55000,"Education, Legal, Community Service, Arts, and Media Occupations"
2020,202001,845003,2020000676292,385,2020008450031,39,35,90939,1,4,588,2,29,600,60026,2,2019,7,4230,26000,26000,"Service Occupations"
2020,202001,845711,2020000696368,85,2020008457111,39,113,460339,1,1,85,1,55,600,60015,2,2020,7,9142,4900,0,"Production, Transportation, and Material Moving Occupations"
2020,202001,846002,2020000704423,127,2020008460021,39,153,180539,1,8,154,2,10,300,30025,2,2017,3,0,9999999,999999,NA
2020,202001,846002,2020000704423,127,2020008460021,39,153,180539,1,9,145,1,7,300,30025,2,2017,3,0,9999999,999999,NA
2020,202001,846002,2020000704423,127,2020008460021,39,153,180539,1,10,146,1,6,300,30025,2,2020,0,0,9999999,999999,NA
2020,202001,846002,2020000704423,127,2020008460021,39,153,180539,1,11,123,2,5,300,30025,2,2018,2,0,9999999,999999,NA
2020,202001,846013,2020000704826,296,2020008460131,39,89,380039,1,2,277,2,34,521,52120,2,2016,11,3601,0,0,"Service Occupations"
2020,202001,846022,2020000705126,102,2020008460221,39,35,90839,1,3,190,1,39,521,52120,2,2017,8,0,0,0,NA
2020,202001,846127,2020000708174,124,2020008461271,39,153,180339,1,1,124,2,22,517,51700,2,2017,9,7750,0,0,"Production, Transportation, and Material Moving Occupations"
2020,202001,846127,2020000708174,124,2020008461271,39,153,180339,1,2,141,1,24,517,51700,2,2019,8,4055,13000,8000,"Service Occupations"
2020,202001,846127,2020000708174,124,2020008461271,39,153,180339,1,5,174,2,77,521,52130,2,2017,8,0,0,0,NA
2020,202001,846245,2020000711310,249,2020008462451,39,0,420039,1,2,230,2,30,542,54200,2,2019,7,710,90000,90000,"Management, Business and Financial Operations"
2020,202001,846388,2020000715072,114,2020008463881,39,0,500039,1,1,114,2,30,515,51500,2,2017,8,0,0,0,NA
2020,202001,846388,2020000715072,114,2020008463881,39,0,500039,1,3,117,2,10,515,51500,2,2017,8,0,9999999,999999,NA
2020,202001,847037,2020000733364,148,2020008470371,39,17,540139,1,2,154,2,52,600,60045,2,2016,10,9920,0,0,"Production, Transportation, and Material Moving Occupations"
2020,202001,847155,2020000736509,65,2020008471551,39,0,10039,1,2,70,2,60,453,45300,2,2017,27,5120,47000,47000,"Office and Administrative Support Occupations:"
2020,202001,847326,2020000741099,83,2020008473261,39,0,50039,1,1,83,2,37,600,60057,2,2018,20,2905,90000,90000,"Education, Legal, Community Service, Arts, and Media Occupations"
2020,202001,847503,2020000745909,119,2020008475031,39,23,430039,1,1,119,1,63,411,41100,2,2019,38,1050,51000,51000,"Computer and Mathematical Occupations"
2020,202001,847524,2020000746563,153,2020008475241,39,0,570039,1,2,108,2,36,521,52120,2,2017,9,4965,24000,24000,"Sales and Related Occupations:"
2020,202001,847524,2020000746563,153,2020008475241,39,0,570039,1,3,105,1,10,524,52400,2,2018,9,0,9999999,999999,NA
2020,202001,847589,2020000748615,71,2020008475891,39,41,400039,1,1,71,1,38,434,43400,2,2016,11,140,118000,118000,"Management, Business and Financial Operations"
2020,202001,847597,2020000748885,91,2020008475971,39,35,90339,1,2,95,1,42,600,60012,2,2017,17,2040,98000,98000,"Education, Legal, Community Service, Arts, and Media Occupations"
2020,202001,847606,2020000749070,142,2020008476061,39,49,410639,1,1,142,2,30,600,60079,2,2020,6,0,2600,0,NA
2020,202001,847606,2020000749070,142,2020008476061,39,49,410639,1,3,151,2,30,600,60079,2,2020,6,3645,37000,29000,"Service Occupations"
2020,202001,847632,2020000749810,114,2020008476321,39,153,180539,1,2,124,2,48,541,54100,2,2019,44,0,0,0,NA
2020,202001,847634,2020000749913,98,2020008476341,39,49,410439,1,1,98,1,49,521,52100,2,2016,28,1021,180000,180000,"Computer and Mathematical Occupations"
2020,202001,847778,2020000754408,50,2020008477781,39,61,550339,1,2,60,2,62,200,20000,2,2018,9,7720,15000,15000,"Production, Transportation, and Material Moving Occupations"
2020,202001,847805,2020000755391,146,2020008478051,39,35,91039,1,1,146,2,51,517,51700,2,2018,14,3255,72000,72000,"Healthcare Practitioners and Technical Occupations"
2020,202001,847805,2020000755391,146,2020008478051,39,35,91039,1,2,107,1,57,517,51700,2,2018,13,9620,10100,10100,"Production, Transportation, and Material Moving Occupations"
2020,202001,847842,2020000756192,101,2020008478421,39,0,30039,1,2,112,2,23,500,50010,2,2017,8,2545,1300,1300,"Education, Legal, Community Service, Arts, and Media Occupations"
2020,202001,847935,2020000758487,42,2020008479351,39,35,90639,1,2,49,2,45,210,21030,2,2018,25,9640,7000,7000,"Production, Transportation, and Material Moving Occupations"
2020,202001,847966,2020000759627,160,2020008479661,39,35,90439,1,1,160,2,28,600,60053,2,2019,8,8990,7500,7500,"Production, Transportation, and Material Moving Occupations"
2020,202001,848116,2020000763723,89,2020008481161,39,35,91039,1,1,89,2,47,421,42100,2,2016,19,10,433000,433000,"Management, Business and Financial Operations"
2020,202001,848204,2020000765980,122,2020008482041,39,49,410639,1,5,191,2,28,600,60023,2,2018,11,3602,31200,31200,"Service Occupations"
2020,202001,848245,2020000766835,80,2020008482451,39,0,100039,1,1,80,1,45,521,52100,2,2017,20,750,140000,140000,"Management, Business and Financial Operations"
2020,202001,848245,2020000766835,80,2020008482451,39,0,100039,1,2,101,2,42,521,52100,2,2017,18,0,0,0,NA
2020,202001,848331,2020000769217,61,2020008483311,39,153,180239,1,2,89,2,28,515,51500,2,2020,4,8225,37200,36000,"Production, Transportation, and Material Moving Occupations"
2020,202001,848397,2020000770856,190,2020008483971,39,61,550339,1,1,190,1,39,521,52120,2,2017,8,8740,33000,33000,"Production, Transportation, and Material Moving Occupations"
2020,202001,848397,2020000770856,190,2020008483971,39,61,550339,1,2,114,2,32,521,52120,2,2017,8,8320,35200,35200,"Production, Transportation, and Material Moving Occupations"
2020,202001,848397,2020000770856,190,2020008483971,39,61,550339,1,3,113,2,11,524,52400,2,2017,8,0,9999999,999999,NA
2020,202001,848657,2020000778148,123,2020008486571,39,49,410839,1,1,123,2,50,260,26010,2,2018,7,5630,28100,28100,"Office and Administrative Support Occupations:"
2020,202001,848729,2020000780391,61,2020008487291,39,35,90139,1,2,60,2,57,599,59900,2,2019,12,0,0,0,NA
2020,202001,848783,2020000781702,105,2020008487831,39,35,90239,1,2,126,2,42,500,50000,2,2017,11,2634,5840,800,"Education, Legal, Community Service, Arts, and Media Occupations"
2020,202001,848840,2020000783279,81,2020008488401,39,49,410139,1,1,81,1,60,502,50200,2,2018,21,310,154000,50000,"Management, Business and Financial Operations"
2020,202001,848851,2020000783596,157,2020008488511,39,93,80239,1,1,157,2,37,515,51500,2,2018,9,0,0,0,NA
2020,202001,848893,2020000784737,87,2020008488931,39,35,90839,1,1,87,1,32,541,54100,2,2017,8,3090,40000,40000,"Healthcare Practitioners and Technical Occupations"
2020,202001,849290,2020000795018,149,2020008492901,39,89,380039,1,2,144,2,41,600,60072,2,2016,11,3255,140000,130000,"Healthcare Practitioners and Technical Occupations"
2020,202001,849399,2020000798230,110,2020008493991,39,49,410239,1,2,82,2,31,524,52400,2,2019,12,5810,0,0,"Office and Administrative Support Occupations:"
2020,202001,849732,2020000808185,86,2020008497321,39,35,90339,1,2,87,2,51,421,42100,2,2020,4,0,0,0,NA
2020,202001,849796,2020000809703,111,2020008497961,39,35,90339,1,1,111,1,41,521,52100,2,2018,20,2205,1e+05,1e+05,"Education, Legal, Community Service, Arts, and Media Occupations"
2020,202001,849796,2020000809703,111,2020008497961,39,35,90339,1,2,90,2,40,521,52100,2,2016,18,440,130000,130000,"Management, Business and Financial Operations"
2020,202001,849872,2020000811480,43,2020008498721,39,35,90439,1,2,43,2,60,455,45500,2,2016,20,5860,57200,57000,"Office and Administrative Support Occupations:"
2020,202001,849949,2020000814066,196,2020008499491,39,49,410639,1,1,196,1,37,600,60031,2,2017,20,2205,104000,104000,"Education, Legal, Community Service, Arts, and Media Occupations"
2020,202001,850073,2020000817615,123,2020008500731,39,153,180239,1,1,123,1,48,521,52100,2,2019,12,1022,60000,57000,"Computer and Mathematical Occupations"
2020,202001,850157,2020000819816,239,2020008501571,39,17,540239,1,1,239,1,42,524,52400,2,2018,14,8990,41000,41000,"Production, Transportation, and Material Moving Occupations"
2020,202001,850540,2020000831002,164,2020008505401,39,61,550739,1,2,153,2,32,500,50000,2,2020,6,845,55000,55000,"Management, Business and Financial Operations"
2020,202001,850579,2020000832009,216,2020008505791,39,35,90439,1,1,216,1,37,421,42100,2,2018,14,5350,50000,47000,"Office and Administrative Support Occupations:"
2020,202001,851280,2020000851362,119,2020008512801,39,0,310039,1,1,119,1,56,433,43300,2,2019,44,1031,75400,62000,"Computer and Mathematical Occupations"
2020,202001,851430,2020000856037,104,2020008514301,39,109,440039,1,1,104,2,34,200,20000,2,2017,29,5740,20000,20000,"Office and Administrative Support Occupations:"
2020,202001,851439,2020000856291,674,2020008514391,39,49,410639,1,1,674,2,61,600,60045,2,2018,15,2300,21000,21000,"Education, Legal, Community Service, Arts, and Media Occupations"
2020,202001,851439,2020000856291,674,2020008514391,39,49,410639,1,2,1054,1,21,600,60045,2,2019,14,3930,10000,10000,"Service Occupations"
2020,202001,851486,2020000857765,83,2020008514861,39,35,90939,1,2,110,2,69,500,50000,2,2018,9,0,15000,0,NA
2020,202001,851536,2020000859451,196,2020008515361,39,49,410939,1,3,146,1,14,524,52400,2,2020,10,0,9999999,999999,NA
2020,202001,852020,2020000873306,85,2020008520201,39,17,540139,1,1,85,1,51,436,43600,2,2016,46,1320,178400,167000,"Computer and Mathematical Occupations"
2020,202001,852156,2020000876521,48,2020008521561,39,0,70039,1,2,53,1,52,517,51700,2,2019,22,310,82900,53000,"Management, Business and Financial Operations"
2020,202001,852157,2020000876534,75,2020008521571,39,165,530239,1,1,75,1,48,500,50000,2,2017,20,1760,114000,114000,"Computer and Mathematical Occupations"
2020,202001,852459,2020000884739,139,2020008524591,39,17,540139,1,1,139,1,56,600,60057,2,2017,19,1021,64600,63000,"Computer and Mathematical Occupations"
2020,202001,852701,2020000890503,122,2020008527011,39,169,200039,1,2,111,2,26,514,51400,2,2018,20,1360,60000,60000,"Computer and Mathematical Occupations"
2020,202001,853045,2020000899847,191,2020008530451,39,49,410639,1,1,191,2,46,600,60033,2,2018,7,3500,24500,24500,"Healthcare Practitioners and Technical Occupations"
2020,202001,853052,2020000900011,126,2020008530521,39,0,120039,1,2,169,2,42,300,30040,2,2016,15,3645,29100,29100,"Service Occupations"
2020,202001,853191,2020000903891,68,2020008531911,39,61,550739,1,1,68,1,50,434,43400,2,2018,11,10,434000,433000,"Management, Business and Financial Operations"
2020,202001,853191,2020000903891,68,2020008531911,39,61,550739,1,2,62,2,53,434,43400,2,2019,11,120,1e+05,1e+05,"Management, Business and Financial Operations"
2020,202001,853191,2020000903891,68,2020008531911,39,61,550739,1,3,64,1,16,434,43400,2,2018,11,0,0,0,NA
2020,202001,853492,2020000912240,102,2020008534921,39,0,120039,1,2,116,1,52,150,15000,2,2016,28,3050,155000,140000,"Healthcare Practitioners and Technical Occupations"
2020,202001,853589,2020000914410,101,2020008535891,39,49,410639,1,1,101,1,46,600,60023,2,2018,8,3300,46000,46000,"Healthcare Practitioners and Technical Occupations"
2020,202001,853589,2020000914410,101,2020008535891,39,49,410639,1,2,135,2,43,600,60023,2,2018,8,3255,20000,20000,"Healthcare Practitioners and Technical Occupations"
2020,202001,853589,2020000914410,101,2020008535891,39,49,410639,1,3,163,1,12,600,60023,2,2019,4,0,9999999,999999,NA
2020,202001,853589,2020000914410,101,2020008535891,39,49,410639,1,4,180,1,9,600,60023,2,2019,8,0,9999999,999999,NA
2020,202001,853715,2020000917792,129,2020008537151,39,49,410739,1,1,129,1,45,600,60027,2,2019,7,650,52000,52000,"Management, Business and Financial Operations"
2020,202001,853715,2020000917792,129,2020008537151,39,49,410739,1,2,224,1,34,600,60027,2,2016,10,9620,32600,32600,"Production, Transportation, and Material Moving Occupations"
2020,202001,853852,2020000921858,144,2020008538521,39,165,530139,1,1,144,1,43,521,52100,2,2019,14,1108,136400,135000,"Computer and Mathematical Occupations"
2020,202001,853852,2020000921858,144,2020008538521,39,165,530139,1,2,130,2,39,521,52100,2,2019,14,750,95000,95000,"Management, Business and Financial Operations"
2020,202001,854057,2020000928100,142,2020008540571,39,49,410339,1,1,142,2,35,200,20000,2,2017,33,440,40000,40000,"Management, Business and Financial Operations"
2020,202001,854111,2020000929633,86,2020008541111,39,17,540239,1,2,87,2,47,436,43600,2,2018,26,4110,100,100,"Service Occupations"
2020,202001,854218,2020000931995,258,2020008542181,39,153,180239,1,1,258,2,62,521,52120,2,2019,7,0,28600,0,NA
2020,202001,854218,2020000931995,258,2020008542181,39,153,180239,1,2,286,2,58,521,52120,2,2019,7,8335,0,0,"Production, Transportation, and Material Moving Occupations"
2020,202001,854240,2020000932674,171,2020008542401,39,113,460439,1,1,171,2,64,517,51700,2,2016,44,4020,38200,19000,"Service Occupations"
2020,202001,854280,2020000934016,128,2020008542801,39,35,90439,1,1,128,1,29,456,45600,2,2017,18,2722,5800,0,"Education, Legal, Community Service, Arts, and Media Occupations"
2020,202001,854296,2020000934749,92,2020008542961,39,49,410139,1,2,96,2,59,456,45600,2,2019,12,4220,31200,31200,"Service Occupations"
2020,202001,854479,2020000940008,132,2020008544791,39,113,460339,1,2,109,2,62,210,21070,2,2018,9,2300,0,0,"Education, Legal, Community Service, Arts, and Media Occupations"
2020,202001,854611,2020000943821,114,2020008546111,39,113,460339,1,1,114,1,39,600,60044,2,2019,9,4230,12000,12000,"Service Occupations"
2020,202001,854715,2020000946721,99,2020008547151,39,133,170039,1,2,117,1,45,200,20000,2,2019,27,4020,69000,69000,"Service Occupations"
2020,202001,854791,2020000948306,44,2020008547911,39,35,90639,1,2,51,2,49,300,30015,2,2019,12,1700,2e+05,2e+05,"Computer and Mathematical Occupations"
2020,202001,854995,2020000953319,139,2020008549951,39,49,410239,1,1,139,2,38,600,60023,2,2020,7,5940,68000,68000,"Office and Administrative Support Occupations:"
2020,202001,855071,2020000955247,137,2020008550711,39,165,530139,1,1,137,1,58,465,46500,2,2018,24,7315,75000,75000,"Natural Resources, Construction, and Maintenance Occupations"
2020,202001,855165,2020000957605,154,2020008551651,39,49,410439,1,2,147,2,26,515,51500,2,2016,22,5240,0,0,"Office and Administrative Support Occupations:"
2020,202001,855178,2020000958045,115,2020008551781,39,49,410639,1,1,115,1,50,521,52120,2,2017,8,4230,15600,15600,"Service Occupations"
2020,202001,855178,2020000958045,115,2020008551781,39,49,410639,1,2,155,2,49,521,52120,2,2019,8,8990,56000,56000,"Production, Transportation, and Material Moving Occupations"
2020,202001,855313,2020000962293,62,2020008553131,39,153,180339,1,3,73,2,14,210,21040,2,2017,14,0,9999999,999999,NA
2020,202001,855382,2020000964648,158,2020008553821,39,113,460239,1,1,158,2,44,700,70020,2,2018,15,0,0,0,NA
2020,202001,855382,2020000964648,158,2020008553821,39,113,460239,1,2,117,1,46,700,70020,2,2018,15,110,168000,130000,"Management, Business and Financial Operations"
2020,202001,855877,2020000978367,75,2020008558771,39,49,411039,1,1,75,1,32,465,46530,2,2017,23,5522,40000,40000,"Office and Administrative Support Occupations:"
2020,202001,855949,2020000980172,114,2020008559491,39,113,460239,1,2,112,2,30,535,53500,2,2019,4,0,0,0,NA
2020,202001,855982,2020000981048,163,2020008559821,39,17,540239,1,1,163,2,40,260,26030,2,2016,22,1360,112000,112000,"Computer and Mathematical Occupations"
2020,202001,856050,2020000982888,32,2020008560501,39,0,10039,1,2,48,2,54,516,51600,2,2018,7,0,290,0,NA
2020,202001,856100,2020000984768,71,2020008561001,39,35,90839,1,1,71,1,38,600,60044,2,2016,9,110,50400,45500,"Management, Business and Financial Operations"
2020,202001,856113,2020000985012,88,2020008561131,39,0,160039,1,1,88,1,34,521,52140,2,2016,7,800,30000,30000,"Management, Business and Financial Operations"
2020,202001,856113,2020000985012,88,2020008561131,39,0,160039,1,5,88,2,61,521,52140,2,2019,6,9620,0,0,"Production, Transportation, and Material Moving Occupations"
2020,202001,856414,2020000993515,147,2020008564141,39,165,530239,1,3,142,2,16,200,20000,2,2016,4,0,0,0,NA
2020,202001,856414,2020000993515,147,2020008564141,39,165,530239,1,4,146,2,12,200,20000,2,2016,4,0,9999999,999999,NA
2020,202001,856433,2020000993966,265,2020008564331,39,61,550339,1,2,286,2,37,600,60045,2,2017,17,910,0,0,"Management, Business and Financial Operations"
2020,202001,856471,2020000994924,150,2020008564711,39,153,180239,1,1,150,2,42,532,53200,2,2017,10,0,0,0,NA
2020,202001,856471,2020000994924,150,2020008564711,39,153,180239,1,2,132,1,48,522,52200,2,2018,9,4500,17100,15900,"Service Occupations"
2020,202001,856505,2020000995915,67,2020008565051,39,49,411039,1,1,67,1,40,600,60011,2,2019,7,4220,48000,48000,"Service Occupations"
2020,202001,856506,2020000995940,74,2020008565061,39,113,460439,1,6,92,2,34,518,51800,2,2016,10,4521,0,0,"Service Occupations"
2020,202001,856538,2020000996692,95,2020008565381,39,0,110039,1,3,143,1,25,515,51500,2,2016,9,4720,200,0,"Sales and Related Occupations:"
2020,202001,856776,2020001003338,74,2020008567761,39,0,110039,1,1,74,2,44,453,45300,2,2018,19,0,9800,0,NA
2020,202001,856898,2020001006260,156,2020008568981,39,35,90639,1,1,156,2,35,401,40100,2,2016,15,4230,24920,0,"Service Occupations"
2020,202001,857426,2020001020710,56,2020008574261,39,113,460439,1,1,56,2,40,500,50000,2,2019,11,1760,131600,110000,"Computer and Mathematical Occupations"
2020,202001,857426,2020001020710,56,2020008574261,39,113,460439,1,2,82,1,40,500,50000,2,2019,11,1430,63000,63000,"Computer and Mathematical Occupations"
2020,202001,857682,2020001027459,50,2020008576821,39,49,410139,1,1,50,2,62,260,26030,2,2018,48,1010,121000,121000,"Computer and Mathematical Occupations"
2020,202001,857903,2020001033398,165,2020008579031,39,0,150039,1,1,165,1,38,535,53500,2,2019,5,4720,103900,90000,"Sales and Related Occupations:"
2020,202001,858195,2020001042923,155,2020008581951,39,17,540239,1,2,185,2,47,518,51800,2,2019,8,8800,42000,42000,"Production, Transportation, and Material Moving Occupations"
2020,202001,858203,2020001043113,64,2020008582031,39,35,90439,1,2,66,1,55,515,51500,2,2019,9,7200,46000,46000,"Natural Resources, Construction, and Maintenance Occupations"
2020,202001,858427,2020001048890,67,2020008584271,39,49,410839,1,1,67,2,58,260,26030,2,2019,9,4230,35000,35000,"Service Occupations"
2020,202001,858567,2020001052981,173,2020008585671,39,49,410339,1,2,207,2,44,517,51700,2,2016,20,4521,21000,21000,"Service Occupations"
2020,202001,858615,2020001054173,30,2020008586151,39,35,90339,1,2,26,2,46,260,26010,2,2016,21,52,45000,31200,"Management, Business and Financial Operations"
2020,202001,858825,2020001060039,122,2020008588251,39,0,420039,1,3,94,1,23,500,50000,2,2017,8,1460,13000,13000,"Computer and Mathematical Occupations"
2020,202001,859099,2020001067502,93,2020008590991,39,41,400039,1,2,76,2,68,600,60031,2,2017,42,3602,35100,0,"Service Occupations"
2020,202001,859208,2020001070794,66,2020008592081,39,35,90439,1,1,66,1,48,600,60014,2,2016,15,7340,60000,60000,"Natural Resources, Construction, and Maintenance Occupations"
2020,202001,859208,2020001070794,66,2020008592081,39,35,90439,1,2,66,2,45,600,60014,2,2016,15,8320,6000,0,"Production, Transportation, and Material Moving Occupations"
2020,202001,859233,2020001071609,350,2020008592331,39,61,550239,1,2,380,2,65,434,43400,2,2016,44,2205,4600,4600,"Education, Legal, Community Service, Arts, and Media Occupations"
2020,202001,859244,2020001071990,122,2020008592441,39,49,410239,1,2,114,2,36,456,45600,2,2019,7,440,110000,110000,"Management, Business and Financial Operations"
2020,202001,859288,2020001073086,101,2020008592881,39,35,90539,1,1,101,2,41,300,30030,2,2018,19,8740,28000,24000,"Production, Transportation, and Material Moving Occupations"
2020,202001,859288,2020001073086,101,2020008592881,39,35,90539,1,2,98,1,45,210,21040,2,2018,28,6355,40000,0,"Natural Resources, Construction, and Maintenance Occupations"
2020,202001,859329,2020001074390,63,2020008593291,39,35,91039,1,1,63,1,75,600,60045,2,2016,9,0,46800,0,NA
2020,202001,859547,2020001081236,109,2020008595471,39,35,90139,1,3,95,2,34,522,52200,2,2016,11,3640,8200,8200,"Service Occupations"
2020,202001,859672,2020001085083,128,2020008596721,39,61,550539,1,1,128,1,50,300,30005,2,2016,11,110,137300,120000,"Management, Business and Financial Operations"
2020,202001,859672,2020001085083,128,2020008596721,39,61,550539,1,2,102,2,46,300,30005,2,2016,11,2310,26000,26000,"Education, Legal, Community Service, Arts, and Media Occupations"
2020,202001,859672,2020001085083,128,2020008596721,39,61,550539,1,3,106,2,15,300,30015,2,2016,11,0,500,999999,NA
2020,202001,859963,2020001093090,1579,2020008599631,39,35,90639,1,1,1579,2,30,515,51500,2,2017,10,3050,49000,49000,"Healthcare Practitioners and Technical Occupations"
2020,202001,860003,2020001094056,96,2020008600031,39,49,411139,1,1,96,1,25,200,20000,2,2018,12,6515,60000,60000,"Natural Resources, Construction, and Maintenance Occupations"
2020,202001,860222,2020001100475,151,2020008602221,39,49,410339,1,1,151,2,40,500,50000,2,2017,17,120,187000,180000,"Management, Business and Financial Operations"
2020,202001,860495,2020001107749,107,2020008604951,39,17,540139,1,2,156,2,40,515,51500,2,2019,11,3500,40000,40000,"Healthcare Practitioners and Technical Occupations"
2020,202001,860495,2020001107749,107,2020008604951,39,17,540139,1,4,140,2,16,515,51500,2,2019,11,0,0,0,NA
2020,202001,860711,2020001113954,107,2020008607111,39,165,530139,1,1,107,1,43,536,53600,2,2019,5,1050,44000,44000,"Computer and Mathematical Occupations"
2020,202001,860868,2020001118344,629,2020008608681,39,61,550539,1,2,660,1,37,200,20000,2,2017,36,6220,60000,60000,"Natural Resources, Construction, and Maintenance Occupations"
2020,202001,860923,2020001119799,185,2020008609231,39,0,500039,1,1,185,1,43,500,50000,2,2019,19,2205,118000,109000,"Education, Legal, Community Service, Arts, and Media Occupations"
2020,202001,861103,2020001125131,78,2020008611031,39,113,460339,1,1,78,1,50,600,60034,2,2019,6,4020,43000,43000,"Service Occupations"
2020,202001,861103,2020001125131,78,2020008611031,39,113,460339,1,2,75,2,48,600,60034,2,2019,6,4020,27000,27000,"Service Occupations"
2020,202001,861103,2020001125131,78,2020008611031,39,113,460339,1,3,104,2,22,600,60034,2,2019,6,9600,6000,6000,"Production, Transportation, and Material Moving Occupations"
2020,202001,861103,2020001125131,78,2020008611031,39,113,460339,1,4,86,2,19,600,60034,2,2019,6,4720,9000,9000,"Sales and Related Occupations:"
2020,202001,861148,2020001126470,159,2020008611481,39,0,320039,1,3,195,1,29,515,51500,2,2018,8,3960,30000,30000,"Service Occupations"
2020,202001,861469,2020001135520,88,2020008614691,39,49,410839,1,1,88,1,50,260,26020,2,2016,26,9600,48000,48000,"Production, Transportation, and Material Moving Occupations"
