state,Africa,Americas,Asia,Europe,Oceania,Global,Afghanistan,Albania,Algeria,American Samoa,Andorra,Angola,Anguilla,Antigua and Barbuda,Argentina,Armenia,Aruba,Australia,Austria,Azerbaijan,Bahamas,Bahrain,Bangladesh,Barbados,Belarus,Belgium,Belize,Benin,Bermuda,Bhutan,Bolivia,Bosnia and Herzegovina,Botswana,Brazil,Brunei,Bulgaria,Burkina Faso,Burma,Burundi,Cabo Verde,Cambodia,Cameroon,Canada,Cayman Islands,Central African Republic,Chad,Chile,"China, People's Republic",Colombia,Comoros,"Congo, Democratic Republic","Congo, Republic",Cook Islands,Costa Rica,Cote d'Ivoire,Croatia,Cuba,Curacao,Cyprus,Czechia,Czechoslovakia (former),D Data withheld to limit disclosure.,Denmark,Djibouti,Dominica,Dominican Republic,Ecuador,Egypt,El Salvador,Equatorial Guinea,Eritrea,Estonia,Eswatini,Eswatini (formerly Swaziland),Ethiopia,Falkland Islands,Fiji,Finland,France,French Polynesia,Gabon,Gambia,Georgia,Germany,Ghana,Gibraltar,Greece,Greenland,Grenada,Guam,Guatemala,Guinea,Guinea-Bissau,Guyana,Haiti,Honduras,Hong Kong,Hungary,Iceland,India,Indonesia,Iran,Iraq,Ireland,Israel,Italy,Jamaica,Japan,Jordan,Kazakhstan,Kenya,Kiribati,"Korea, North","Korea, South",Kosovo,Kuwait,Kyrgyzstan,Laos,Latvia,Lebanon,Lesotho,Liberia,Libya,Liechtenstein,Lithuania,Luxembourg,Macau,Macedonia,Madagascar,Malawi,Malaysia,Maldives,Mali,Malta,Marshall Islands,Mauritania,Mauritius,Mexico,"Micronesia, Federated States",Moldova,Monaco,Mongolia,Montenegro,Montserrat,Morocco,Mozambique,Namibia,Nauru,Nepal,Netherlands,Netherlands Antilles (former),New Caledonia,New Zealand,Nicaragua,Niger,Nigeria,Niue,North Macedonia,North Macedonia (formerly Macedonia),Northern Mariana Islands,Norway,Oman,Pakistan,Palau,Panama,Papua New Guinea,Paraguay,Peru,Philippines,Pitcairn Islands,Poland,Portugal,Puerto Rico,Qatar,Republic of Nauru,Romania,Russia,Rwanda,Saint Helena,Saint Kitts and Nevis,Saint Lucia,Saint Vincent and the Grenadines,Samoa,San Marino,Sao Tome and Principe,Saudi Arabia,Senegal,Serbia,Serbia and Montenegro (former),Seychelles,Sierra Leone,Singapore,Sint Maarten,Slovakia,Slovenia,Solomon Islands,Somalia,South Africa,South Sudan,Soviet Union (former),Spain,Sri Lanka,Sudan,Suriname,Swaziland,Sweden,Switzerland,Syria,Taiwan,Tajikistan,Tanzania,Thailand,Timor-Leste,Togo,Tonga,Total,Trinidad and Tobago,Tunisia,Turkey,Turkmenistan,Turks and Caicos Islands,Tuvalu,Uganda,Ukraine,United Arab Emirates,United Kingdom,United States,Unknown.y,Uruguay,Uzbekistan,Vanuatu,Venezuela,Vietnam,"Virgin Islands, British","Virgin Islands, U.S.",Western Sahara,Yemen,Zambia,Zimbabwe
TOTAL,346882,1594967,1373056,346088,17902,3694073,11246,12271,5200,1139,0,633,114,1701,18318,10774,184,7443,1010,2617,2782,438,42325,2875,7256,2532,4158,1515,312,28756,8130,8610,169,49281,81,9705,1774,42494,1630,6237,12689,13893,46036,121,416,401,8151,178668,82243,12,10279,1575,4,8695,5160,1843,157766,107,510,2957,1386,0,3776,355,2892,125800,37247,32046,82320,68,8226,897,5,38,39314,0,4114,1458,14375,78,431,3299,4310,20399,30144,13,4997,0,2868,0,43830,4798,116,23156,67632,28277,8522,4322,410,261924,8466,46378,63140,7286,13908,13681,80547,8893,13458,4262,22999,13,103,72669,2470,4207,2248,9759,1583,11102,42,13958,1481,0,3323,95,403,1955,299,504,6095,7,2081,227,92,1370,320,560453,219,8315,19,2288,1030,229,14875,227,189,0,28067,3999,239,10,2855,20941,631,45920,0,577,800,0,627,266,55363,158,6382,88,1805,48185,194014,0,31034,8296,0,510,0,15416,30814,1855,0,1489,3424,2299,922,0,30,5042,4397,3002,4103,56,7090,1533,76,1913,308,6,24350,11411,531,10512,8120,7090,9015,744,24,3967,1997,12126,21013,1310,3008,27457,0,4880,1572,3694073,21368,1690,15178,653,153,0,3917,35471,2765,50178,638,1493,5055,8147,8,38578,113604,246,0,0,9146,2048,3596
ALABAMA,1203,3784,5869,1105,45,12316,13,0,7,0,0,0,0,4,46,0,0,30,0,0,27,0,129,8,7,0,15,0,0,0,11,18,0,211,0,22,0,27,15,0,47,52,267,0,0,0,32,611,209,0,44,3,0,32,7,0,168,0,0,27,3,0,3,0,0,84,29,81,88,0,7,0,0,0,62,0,3,0,25,0,0,15,4,216,53,0,7,0,0,0,230,38,0,14,70,96,17,9,0,1324,20,117,79,11,37,28,202,29,124,7,277,0,0,818,0,41,0,41,0,38,0,31,4,0,0,0,0,0,0,6,32,0,0,0,0,0,0,1553,0,80,0,0,0,0,50,0,0,0,108,18,0,0,12,39,0,200,0,0,0,0,3,0,224,0,49,0,3,118,711,0,44,6,0,0,0,61,113,0,0,3,3,0,0,0,0,17,25,0,3,0,10,9,0,0,0,0,3,81,0,36,27,13,30,0,0,10,6,45,47,0,31,144,0,26,0,12316,39,6,65,0,0,0,12,73,12,249,3,4,6,5,0,125,772,0,0,0,142,7,20
ALASKA,298,967,2566,703,209,5130,0,0,0,89,0,0,0,0,15,0,0,25,0,0,0,0,5,0,8,0,0,0,0,24,9,0,0,33,0,24,0,0,0,0,0,18,131,0,0,0,11,108,48,0,0,0,0,3,0,0,18,0,0,7,0,0,9,0,5,169,12,3,48,0,0,0,0,0,25,0,0,3,10,0,0,14,0,78,23,0,3,0,0,0,36,0,0,0,0,16,0,0,0,48,15,12,20,4,0,0,33,16,0,10,15,0,0,187,0,0,9,96,8,0,0,3,0,0,0,0,0,29,0,0,0,0,0,0,0,0,0,298,0,59,0,0,0,0,0,0,0,0,22,0,0,0,14,6,0,28,0,0,12,0,0,0,16,0,0,0,0,55,1693,0,17,0,0,0,0,19,139,0,0,0,0,0,45,0,0,0,0,9,3,0,3,0,0,0,0,0,79,12,0,43,3,4,75,0,0,15,10,0,11,0,0,189,0,0,36,5130,3,0,11,0,0,0,0,121,0,70,0,1,0,3,0,18,67,0,0,0,0,0,0
ARIZONA,4367,35307,18679,4939,308,63857,232,89,27,6,0,3,0,3,124,27,0,145,27,30,12,3,249,7,43,51,46,3,0,243,31,314,0,390,3,152,13,616,104,0,146,163,1499,0,18,11,121,1495,443,0,307,68,0,96,55,61,784,0,0,39,36,0,86,3,0,164,140,221,614,0,139,10,0,0,374,0,42,27,189,0,4,20,4,437,188,0,33,0,0,0,559,22,0,46,91,199,71,72,4,3197,104,762,3114,81,148,155,220,134,210,41,424,0,0,595,39,74,12,66,18,145,0,224,34,0,24,0,0,19,0,0,95,0,0,0,0,10,6,28864,0,67,0,14,3,0,114,0,0,0,228,92,0,0,64,113,0,384,0,11,4,0,15,3,300,3,72,0,7,358,3108,0,289,29,0,3,0,548,243,106,0,0,7,3,8,0,0,68,17,71,91,0,74,18,0,16,0,0,367,230,20,108,96,64,324,0,0,69,42,205,177,4,50,468,0,67,40,63857,68,10,149,3,0,0,43,190,35,949,3,20,36,118,0,187,1891,0,0,0,7,50,70
ARKANSAS,401,5013,3410,483,32,9716,0,4,0,0,0,0,0,0,41,0,0,19,0,0,4,0,61,0,3,7,6,7,0,0,10,3,0,62,0,11,3,145,0,0,78,54,134,0,0,0,8,302,89,0,0,0,0,25,0,3,20,0,0,0,0,0,0,0,0,34,22,23,879,0,0,0,0,0,11,0,0,0,16,0,0,3,0,73,37,0,3,0,0,0,213,0,0,4,0,103,7,6,0,820,41,51,39,7,3,8,33,16,47,0,45,0,0,88,6,13,0,229,0,3,0,6,0,0,0,0,0,0,0,0,16,0,0,0,0,0,0,3115,0,11,0,0,0,0,31,0,0,0,47,3,0,0,13,41,11,88,0,0,0,0,0,0,140,0,22,0,4,84,503,0,11,3,0,0,0,49,44,0,0,0,0,0,0,0,0,6,0,0,0,0,0,0,0,0,0,0,0,55,0,12,15,6,4,0,0,4,0,18,33,0,7,112,0,0,0,9716,5,0,53,0,0,0,3,45,3,136,0,4,0,0,0,55,501,0,0,0,29,10,3
CALIFORNIA,23614,298491,355638,48996,6633,733756,3459,234,730,169,0,32,0,25,2460,8372,3,1731,225,684,51,65,2188,56,1063,444,1453,33,20,143,721,295,10,5044,9,1158,38,2191,29,6,3362,505,7115,3,8,10,1096,51932,4244,0,320,61,0,847,183,202,1595,3,75,458,210,0,901,7,48,513,1571,5795,26965,6,975,101,0,4,3211,0,3040,331,3374,9,21,41,604,3347,784,0,502,0,34,0,15599,54,3,209,361,3019,3397,672,65,54755,2984,23693,12256,1202,3308,2119,1263,2979,1810,686,1557,0,19,22294,55,566,296,2252,236,1895,0,260,184,0,257,6,202,72,34,36,1437,0,33,34,3,4,48,210546,12,1333,0,744,37,0,832,23,18,0,2773,686,12,0,664,4135,6,3105,0,24,21,0,88,45,6279,21,526,13,118,6426,75834,0,1346,815,0,70,0,2058,5550,62,0,17,52,36,268,0,0,741,139,369,387,0,293,439,0,200,52,0,439,1766,10,1937,1212,1643,402,27,0,997,412,3343,9488,122,198,5956,0,94,703,733756,424,275,1998,88,0,0,425,5146,449,8751,131,233,253,894,0,1482,35467,0,0,0,1352,192,313
COLORADO,6039,15884,13591,5719,441,41859,219,23,107,3,0,3,0,0,204,51,0,274,23,27,9,0,75,10,148,63,16,43,0,682,44,90,0,482,0,195,25,618,31,0,117,79,1029,0,17,0,117,1512,428,0,306,66,0,101,92,32,214,0,6,93,66,0,84,8,3,102,100,81,545,0,277,8,0,0,1570,0,11,30,211,0,11,21,32,554,466,0,33,0,0,0,361,32,0,13,64,194,56,81,3,1761,268,367,905,87,121,145,212,117,102,83,323,0,6,872,11,32,25,107,30,49,0,101,64,0,62,0,3,10,3,0,78,0,42,0,0,41,0,10574,0,116,0,145,0,0,224,0,0,0,998,106,0,0,144,70,3,276,0,6,6,0,31,0,190,3,50,0,18,582,1180,0,306,12,0,0,0,187,614,41,0,0,6,3,0,0,0,55,57,38,39,0,30,26,0,43,0,0,580,370,4,179,119,58,314,0,0,108,55,48,173,82,20,474,0,70,6,41859,35,19,128,3,0,0,115,417,14,1255,0,11,19,112,0,279,1609,0,0,0,5,35,72
CONNECTICUT,3116,19427,11369,7916,134,42183,98,681,60,0,0,11,0,36,285,22,0,106,6,14,16,0,610,50,131,47,15,5,0,14,51,309,0,1683,0,95,0,78,21,118,126,45,615,3,0,0,113,1431,1562,0,146,17,0,123,62,10,151,0,4,46,17,0,65,0,54,2481,1593,222,317,0,24,20,0,0,85,0,0,22,196,0,0,12,74,214,791,0,120,0,26,0,649,59,0,363,1389,259,60,85,0,3396,42,177,274,148,106,366,4097,62,81,26,110,0,0,413,129,31,8,94,21,86,0,80,31,0,59,0,0,96,0,0,42,0,3,0,0,3,5,1083,0,48,0,3,13,0,317,4,0,0,284,51,0,0,28,99,0,358,0,21,32,0,0,0,926,0,27,0,47,1384,1028,0,1830,445,0,0,0,207,312,6,0,25,161,12,0,0,0,42,31,23,95,0,21,16,0,57,4,0,17,153,0,127,118,109,61,9,0,82,38,191,129,5,19,232,0,119,0,42183,259,16,321,0,0,0,35,511,33,1019,3,8,103,68,0,280,503,4,0,0,110,22,27
DELAWARE,1415,2195,2555,496,9,6966,22,7,0,0,0,0,0,3,12,0,0,6,0,0,0,0,81,3,22,0,0,0,0,0,3,0,0,62,0,41,0,11,0,0,0,125,46,0,0,0,20,344,102,0,0,0,0,15,28,0,30,0,0,0,0,0,0,0,0,171,49,110,52,0,3,0,0,0,27,0,0,0,17,0,0,0,5,47,242,0,27,0,0,0,92,18,0,60,319,39,5,0,0,1005,3,26,4,4,0,25,279,0,14,3,285,0,0,117,0,9,0,0,3,0,0,200,0,0,4,0,0,0,0,0,0,0,0,0,0,0,0,648,0,13,0,0,0,0,59,0,0,0,42,0,0,0,3,6,0,207,0,0,0,0,0,0,214,0,13,0,4,59,337,0,38,3,0,0,0,43,52,0,0,6,3,0,0,0,0,0,6,0,0,0,62,0,0,0,0,0,0,8,0,23,6,6,3,0,0,0,0,9,33,0,15,22,0,14,0,6966,65,0,88,0,0,0,0,40,0,81,0,2,0,0,0,34,115,0,0,0,40,0,3
DISTRICT.OF.COLUMBIA,3000,2796,1514,1160,45,8840,21,24,10,0,0,4,0,0,81,11,0,37,0,7,3,0,72,3,6,19,3,8,0,0,37,10,0,106,0,43,22,8,0,0,3,296,137,0,12,3,37,189,157,0,10,3,0,18,36,0,48,0,0,6,0,0,4,0,0,251,55,46,804,0,201,3,0,0,1536,0,0,10,135,0,0,6,20,69,61,0,16,0,5,0,97,18,0,45,29,71,10,19,0,205,16,133,21,36,40,96,182,31,16,13,62,0,0,110,3,5,7,0,4,43,0,24,0,0,0,0,0,0,0,0,4,0,4,0,0,0,0,183,0,7,0,0,0,0,75,0,0,0,15,13,0,0,8,50,0,264,0,0,0,0,0,0,76,0,14,0,12,153,220,0,36,12,0,0,0,46,91,0,0,0,6,0,0,0,0,14,40,8,24,0,57,0,0,3,0,0,4,45,0,35,80,8,35,0,0,28,7,19,18,0,20,25,0,52,0,8840,112,12,63,0,0,0,25,43,0,224,3,1,13,10,0,81,61,0,0,0,0,0,9
FLORIDA,10493,340938,45253,31365,602,429017,203,1142,178,3,0,53,30,270,6626,126,52,395,109,82,1639,6,1820,358,547,254,336,23,38,31,1212,653,16,11445,0,835,15,1051,14,83,287,233,4684,34,6,0,1921,4207,30296,0,113,22,0,1760,105,173,130666,32,37,506,162,0,263,0,408,12647,5337,2311,2970,0,92,139,0,0,472,0,33,162,1655,4,0,52,141,1989,470,0,363,0,198,0,3179,21,0,2033,31039,6226,191,912,64,7916,279,1140,1286,410,1641,1679,21991,260,829,374,499,0,3,1161,124,218,120,208,171,658,0,131,88,0,305,8,0,125,16,13,186,0,24,17,3,0,29,13726,3,710,0,44,25,29,1650,17,13,0,322,411,69,0,136,10163,3,1212,0,38,79,0,71,3,1878,3,1414,4,297,11138,8322,0,1435,336,0,25,0,1477,2893,20,0,275,427,185,9,0,0,278,86,351,260,0,101,59,20,217,29,0,33,1277,3,858,1609,223,195,173,0,374,230,788,419,47,161,1446,0,73,9,429017,3609,200,1100,50,88,0,86,1845,138,5281,60,191,1614,456,0,20231,5147,62,0,0,47,104,180
GEORGIA,15510,34479,37773,8180,311,96469,317,59,86,59,0,8,0,81,347,22,8,162,33,34,236,10,1160,112,127,82,92,73,39,1123,70,517,12,1917,0,326,87,1623,27,12,343,626,1229,0,30,7,183,3334,2948,0,432,64,0,271,341,66,1031,0,12,110,54,0,113,7,137,1148,434,338,1728,0,376,12,0,0,2405,0,7,55,334,0,36,342,54,705,1509,0,75,0,77,0,1073,292,0,609,1334,750,119,72,5,11188,260,1143,732,116,273,195,4433,176,188,60,1197,0,6,4202,68,93,32,270,40,175,0,634,47,0,95,0,0,13,7,26,217,0,75,3,3,24,4,9894,27,272,0,6,0,6,322,6,9,0,563,129,10,0,42,317,12,3395,0,3,0,0,16,6,1614,3,343,0,24,1099,1840,0,231,48,0,16,0,717,632,36,0,73,116,59,8,0,0,114,260,52,71,0,241,24,0,37,0,0,301,616,7,212,138,156,227,18,0,99,38,163,335,12,107,589,0,315,0,96469,761,39,377,5,0,0,113,540,75,1660,21,24,295,211,0,1154,4478,12,0,0,23,178,202
GUAM,0,9,3250,26,21,3453,0,0,0,0,0,0,0,0,0,0,0,0,0,0,0,0,0,0,0,0,0,0,0,0,0,0,0,0,0,0,0,0,0,0,0,0,5,0,0,0,0,128,0,0,0,0,0,0,0,0,0,0,0,0,0,0,0,0,0,0,0,0,0,0,0,0,0,0,0,0,3,0,0,0,0,0,0,6,0,0,0,0,0,0,0,0,0,0,0,0,6,0,0,4,0,0,0,0,0,3,0,57,0,0,0,0,0,170,0,0,0,0,0,0,0,0,0,0,0,0,0,0,0,0,0,0,0,5,0,0,0,4,8,0,0,0,0,0,0,0,0,0,0,0,0,0,0,0,0,0,0,0,0,0,0,0,0,10,0,0,0,0,2818,0,0,0,0,0,0,0,3,0,0,0,0,0,0,0,0,0,0,0,0,0,0,0,0,0,0,0,0,0,0,0,0,0,0,0,0,0,0,0,28,0,0,19,0,0,0,3453,0,0,0,0,0,0,0,0,0,9,0,0,0,0,0,0,20,0,0,0,0,0,0
HAWAII,117,1097,13454,810,612,16462,0,4,0,128,0,0,0,0,40,0,0,77,3,0,3,0,22,0,6,0,0,0,0,0,0,3,0,215,0,24,0,40,0,0,20,8,252,0,0,0,19,1393,50,0,0,0,0,17,0,0,13,0,0,22,4,0,20,0,0,8,18,14,20,0,0,3,0,0,0,0,25,0,45,27,0,0,0,135,17,0,0,0,0,0,7,0,0,3,9,13,111,27,0,92,42,23,3,9,27,50,36,693,6,3,22,0,0,866,0,0,0,64,0,8,0,0,0,0,3,0,8,0,0,0,38,0,0,0,9,0,0,274,18,10,0,3,0,0,0,0,0,0,56,10,0,0,49,4,0,17,0,0,0,0,0,0,38,6,11,0,0,56,8972,0,37,3,0,0,0,29,79,0,0,0,0,0,130,0,0,0,0,4,4,0,0,9,0,5,0,0,0,36,0,17,19,12,0,0,0,33,18,0,133,0,0,249,0,0,143,16462,6,0,7,0,0,0,0,59,0,125,3,10,0,0,0,20,516,0,0,0,0,0,3
IDAHO,651,4005,2620,1047,60,8680,120,10,0,0,0,0,0,0,22,3,0,34,0,6,0,0,4,0,18,5,0,0,0,220,0,170,0,61,0,19,0,221,23,0,8,3,277,0,0,0,22,219,71,0,185,26,0,12,6,4,18,0,0,9,0,0,16,0,0,21,18,9,87,0,40,0,0,0,43,0,0,0,51,0,0,0,0,73,7,0,0,0,0,0,82,0,0,3,14,22,14,8,0,185,26,96,444,0,3,27,18,14,3,10,33,0,0,61,7,8,6,36,0,0,0,4,7,0,0,0,0,0,0,0,21,0,0,0,0,0,0,3103,0,11,0,3,0,0,11,0,0,0,92,21,0,0,18,16,0,15,0,0,0,0,0,0,23,0,4,0,0,115,402,0,20,21,0,0,0,68,107,24,0,0,0,0,0,0,0,0,0,5,6,0,0,0,0,0,0,0,93,43,0,21,14,9,60,0,0,21,4,8,43,0,15,115,0,0,8,8680,3,0,4,0,0,0,0,157,0,154,0,3,0,69,0,16,124,0,0,0,0,4,0
ILLINOIS,9313,37639,52143,28119,299,127720,170,677,330,7,0,8,0,3,292,62,0,220,18,74,30,19,389,12,418,66,399,151,0,417,116,608,3,737,0,1849,45,1139,64,0,139,311,1117,0,8,5,137,5253,1236,0,517,102,0,112,100,118,473,0,15,247,74,0,87,3,25,389,1096,621,584,0,141,35,0,0,608,0,5,31,360,0,3,20,87,577,1024,0,313,0,9,0,1355,64,0,69,358,460,164,99,6,15107,153,851,3236,371,436,510,839,230,1592,153,310,0,5,2574,130,266,230,129,121,230,3,156,37,0,1230,0,0,243,5,15,189,0,33,3,0,30,0,26289,3,757,0,359,62,0,512,0,0,0,513,110,0,0,61,121,0,2210,0,94,136,0,5,11,3757,0,101,0,4,661,8281,0,9846,26,0,26,0,1494,1086,69,0,10,18,3,3,0,0,374,63,591,397,0,46,40,0,126,12,0,253,282,0,482,268,204,263,0,0,96,49,972,428,34,109,775,0,415,0,127720,101,59,560,34,0,0,121,2884,169,1407,11,56,60,251,0,412,1744,0,0,0,302,115,79
INDIANA,4359,8467,14927,2538,78,30604,81,19,94,0,0,0,0,0,82,6,0,61,3,4,14,0,101,13,37,20,29,68,0,8,15,134,0,250,0,47,19,5686,0,0,69,83,461,0,0,66,21,1250,257,0,149,7,0,63,60,44,117,0,0,9,3,0,18,0,3,278,56,316,437,0,105,3,0,0,226,0,0,10,85,0,0,13,0,198,176,0,42,0,0,0,266,100,0,16,259,293,41,34,0,2778,49,160,244,48,51,68,160,51,191,21,362,0,0,357,0,55,7,26,7,70,0,167,18,0,28,0,0,102,0,50,45,0,42,0,0,31,0,4672,0,46,0,28,0,0,133,0,3,0,105,33,0,0,17,108,53,1169,0,32,54,0,4,0,442,0,47,0,0,231,1275,0,152,6,0,0,0,145,163,38,0,0,6,6,0,0,0,54,77,38,50,0,42,7,0,6,0,0,98,102,0,65,49,63,116,0,0,22,3,123,133,0,35,464,0,73,0,30604,71,26,114,0,0,0,37,188,24,523,0,14,18,30,0,218,613,0,0,0,101,50,155
IOWA,4227,4246,7456,1352,51,17615,31,9,9,0,0,0,0,0,40,3,0,35,0,0,0,0,38,0,3,3,0,36,0,670,3,534,0,115,0,17,0,1985,153,0,62,97,184,0,4,4,29,508,82,0,561,39,0,3,39,25,83,0,0,4,3,0,13,0,0,38,73,79,326,0,245,0,0,0,358,0,0,0,32,0,0,9,0,86,88,0,0,0,0,0,307,34,0,4,52,98,10,0,0,956,29,68,285,6,26,25,25,13,43,12,277,0,0,131,22,21,3,187,0,29,0,468,16,0,3,0,0,10,0,0,34,0,7,0,0,0,0,2610,0,3,0,0,0,0,47,0,0,0,279,23,0,0,16,43,0,108,0,6,5,0,3,0,127,0,14,0,4,58,477,0,24,3,0,0,0,47,86,46,0,0,0,0,0,0,0,36,15,10,25,0,27,0,0,0,0,0,320,63,85,41,29,23,615,0,0,3,3,31,30,0,98,427,0,234,0,17615,3,3,39,0,0,0,22,99,13,147,0,5,3,7,0,49,819,0,0,0,4,9,12
KANSAS,2373,6500,7034,797,46,17048,23,0,189,0,0,0,0,0,37,4,0,46,0,11,0,3,115,0,7,7,0,6,0,252,13,11,0,144,0,33,3,795,0,3,61,58,209,0,0,0,15,596,170,0,68,9,0,29,8,4,136,0,0,3,0,0,13,0,3,56,49,67,327,0,63,4,0,0,349,0,0,0,37,0,0,35,8,117,92,0,3,0,0,0,184,6,0,12,42,122,34,3,6,1240,27,157,176,19,35,18,65,32,89,12,464,0,0,207,0,26,9,158,0,48,0,18,3,0,3,0,0,0,0,3,54,0,3,0,0,0,0,4570,0,8,0,0,0,0,39,0,0,0,191,10,0,0,0,33,0,182,0,4,5,0,3,0,262,0,28,0,15,134,759,0,14,0,0,0,0,33,94,6,0,0,6,0,0,0,0,35,6,3,3,0,3,0,0,0,0,0,361,77,4,33,19,72,110,0,0,10,3,66,75,3,78,194,0,26,0,17048,14,3,40,0,0,0,12,68,27,199,0,7,3,29,0,84,1106,0,0,0,3,3,16
KENTUCKY,3257,5103,7948,1539,50,18179,65,4,34,0,0,0,0,0,48,3,0,38,0,15,8,0,34,19,15,9,16,6,0,987,22,316,0,120,0,25,0,1084,68,0,185,93,254,0,0,0,27,481,181,0,471,22,0,22,36,15,2029,0,0,18,0,0,21,11,0,64,62,128,126,0,66,0,0,0,205,0,0,3,42,0,0,56,13,182,182,0,11,0,0,0,136,19,0,14,147,108,6,22,0,1019,36,174,1011,68,34,25,77,50,147,16,180,0,0,191,34,47,7,16,0,42,0,145,13,0,0,0,0,0,0,3,29,0,0,0,0,67,0,1273,0,5,0,4,0,0,118,0,0,0,463,14,0,0,12,35,0,142,0,0,0,0,0,3,175,0,32,0,0,132,600,0,37,0,0,0,0,38,122,59,0,0,0,0,0,0,0,21,97,7,30,0,4,0,0,0,0,0,684,96,6,44,28,42,90,0,0,10,0,53,50,0,33,291,0,42,0,18179,34,0,38,0,0,0,27,170,11,224,0,5,7,134,0,110,366,0,0,0,5,4,50
LOUISIANA,975,5931,6378,1091,55,14772,21,0,53,7,0,6,0,3,62,3,0,33,0,3,6,0,86,0,0,24,31,3,0,0,28,26,0,215,0,41,4,119,0,0,93,72,208,0,0,0,19,598,286,0,23,3,0,69,8,7,505,3,3,9,3,0,13,0,6,418,71,99,171,0,29,0,0,0,56,0,0,5,77,0,0,0,0,95,67,0,22,0,0,0,207,0,0,21,162,1230,14,5,0,758,49,90,161,10,72,40,194,24,362,13,57,0,0,141,6,76,9,40,0,60,0,19,3,0,0,0,0,0,0,0,27,0,9,0,0,57,0,1260,4,78,0,0,0,0,58,0,0,0,110,30,0,0,11,271,0,220,0,0,0,0,3,0,314,0,73,0,0,93,723,0,37,3,0,0,0,86,79,0,0,0,23,6,0,0,0,16,18,6,4,0,0,0,0,0,0,0,0,55,0,44,30,26,19,3,0,13,0,32,35,0,0,107,0,9,0,14772,77,13,92,0,0,0,6,74,8,221,0,17,11,4,0,199,1962,0,0,0,127,4,5
MAINE,1159,923,1701,776,41,4932,34,12,0,0,0,0,0,0,12,0,0,23,0,3,0,0,7,0,0,3,0,0,0,0,0,14,0,63,0,56,0,4,64,0,99,17,335,0,11,0,8,163,43,0,162,15,0,0,0,6,20,0,0,5,3,0,17,39,0,37,13,10,31,0,6,0,0,0,54,0,0,7,28,0,0,0,0,67,22,0,15,0,0,0,22,0,0,0,30,13,0,3,3,147,12,23,571,14,0,17,149,12,0,19,75,0,0,42,0,46,0,10,0,0,0,0,0,0,9,0,0,0,0,3,3,0,0,0,0,0,0,103,0,13,0,0,0,0,3,0,0,0,4,19,0,0,18,0,0,36,0,0,3,0,0,0,23,0,0,0,0,33,185,0,41,0,0,0,0,30,76,76,0,0,0,0,0,0,0,5,0,7,3,0,0,0,0,4,0,0,421,39,10,24,16,4,80,0,0,16,0,7,8,0,0,90,0,0,0,4932,0,0,12,0,0,0,16,35,4,210,0,1,0,0,0,11,164,0,0,0,0,0,0
MARYLAND,26428,24534,31914,5958,149,89165,240,104,72,0,0,14,3,42,337,88,0,97,13,62,45,3,919,86,144,59,24,178,16,349,575,30,14,819,0,206,147,1234,40,0,132,4226,534,0,45,33,217,3929,1060,0,431,64,0,168,480,27,162,0,12,50,22,0,104,4,82,1238,517,388,6414,5,477,27,0,0,4536,0,4,36,353,0,33,235,101,393,2549,0,160,0,120,0,1313,350,3,604,1006,793,140,76,10,6254,198,1567,569,105,282,227,2658,124,146,96,1065,0,0,2601,24,73,48,33,40,112,3,1041,9,0,47,0,0,5,33,37,102,0,206,0,0,28,11,1762,0,126,0,45,0,0,316,14,8,0,1608,63,0,0,45,494,68,5478,0,0,5,0,10,3,2437,0,170,0,102,1540,4416,0,256,116,0,9,0,281,722,45,0,34,85,44,3,0,0,120,326,63,54,4,1530,27,0,36,0,0,59,211,0,281,185,443,261,3,0,57,24,153,409,18,165,417,0,579,0,89165,984,59,381,10,0,0,309,493,71,924,26,35,73,183,0,378,1715,6,0,0,35,92,147
MASSACHUSETTS,18701,46336,38022,16782,327,120403,105,1664,335,0,0,148,0,59,342,237,4,231,28,100,34,10,863,276,415,103,29,22,18,879,146,104,4,7595,0,619,21,304,27,4605,1626,523,1655,0,15,0,222,8431,2432,0,328,41,0,204,150,50,248,3,23,110,50,0,141,10,101,12219,538,1127,2682,0,173,11,0,0,912,0,0,35,646,0,9,67,68,650,1875,0,507,0,46,0,1734,141,29,171,8090,773,414,90,24,8043,137,869,1670,928,433,689,2661,207,224,170,1581,0,0,1340,53,153,94,134,67,784,0,510,37,0,110,0,10,28,0,11,137,0,8,0,0,7,6,1217,0,434,0,10,7,64,1895,3,0,0,1372,160,8,0,96,111,6,1320,0,11,14,0,20,3,1181,0,121,0,20,798,1334,0,871,2219,0,6,0,357,1279,64,0,50,85,62,0,0,3,106,117,65,80,0,235,60,0,43,0,0,420,288,14,528,306,198,165,11,0,144,80,410,497,8,138,817,0,83,0,120403,624,44,584,18,0,0,973,898,64,2136,15,61,243,174,0,630,3702,3,0,0,13,60,151
MICHIGAN,4544,9859,41676,9700,175,66177,60,1721,105,0,0,0,0,0,144,40,0,133,20,36,20,13,2904,8,59,53,9,14,3,621,23,614,3,493,0,131,16,1200,38,0,100,212,1998,0,6,0,69,2279,265,0,245,47,0,69,59,48,404,0,7,40,20,0,48,0,12,376,87,464,162,0,61,6,0,3,222,0,6,32,204,0,0,63,24,622,226,0,115,0,7,0,184,73,0,34,98,135,77,53,4,5992,80,457,12958,61,200,330,418,158,662,32,289,0,0,1015,160,239,0,174,24,2678,0,161,53,0,47,0,0,165,0,36,93,0,32,21,0,10,0,4186,0,43,0,7,161,0,174,0,6,0,320,123,0,0,36,45,8,663,0,26,52,0,3,3,1302,0,53,0,4,192,1867,0,655,22,0,42,0,880,370,91,0,3,5,0,0,0,0,271,116,77,356,0,90,12,0,29,0,0,190,175,10,140,107,134,230,0,0,66,32,759,267,0,86,353,0,27,0,66177,96,44,150,4,0,0,57,800,157,1160,8,38,20,65,0,229,1382,0,0,0,2482,62,77
MINNESOTA,20706,6990,19419,3400,134,50863,62,16,24,0,0,0,0,0,101,16,0,94,6,19,14,0,180,6,239,25,9,53,0,445,31,146,0,247,0,80,18,3629,18,0,597,467,675,0,0,0,71,1540,237,0,132,20,0,76,97,8,80,0,0,21,15,0,61,99,0,130,494,280,409,0,219,0,0,0,3532,0,0,30,187,0,0,112,12,201,467,0,11,0,0,0,239,102,0,302,49,162,41,38,0,2614,74,221,825,53,57,58,157,52,104,51,1967,0,0,316,12,55,40,1736,18,90,0,1728,11,0,24,0,0,0,9,7,104,0,10,0,0,0,0,3004,0,212,0,8,0,3,133,0,0,0,438,48,0,0,40,65,0,893,0,0,0,0,11,3,395,0,28,0,0,182,1075,0,103,12,0,0,0,81,382,13,0,0,3,0,0,0,0,155,33,16,36,0,142,12,0,14,0,0,9181,151,23,164,61,103,228,0,0,54,22,60,117,20,67,1844,0,257,0,50863,54,23,100,0,0,0,109,433,62,502,3,10,24,51,0,135,2023,0,0,0,73,37,44
MISSISSIPPI,293,1763,2238,259,9,4888,0,0,0,0,0,0,0,0,15,0,0,6,0,0,3,0,10,0,0,0,8,0,0,0,0,0,0,57,0,3,0,15,0,0,48,19,78,0,0,0,14,258,69,0,0,0,0,21,0,0,59,0,0,0,0,0,0,0,0,115,14,28,36,0,0,0,0,0,10,0,0,0,6,0,0,5,3,47,30,0,0,0,0,0,47,7,0,3,4,82,6,0,0,537,11,24,3,0,3,13,156,8,46,3,30,0,0,82,0,5,0,0,0,0,0,0,0,0,0,0,0,4,0,0,11,0,0,0,0,0,0,777,0,3,0,0,0,0,34,0,0,0,20,6,0,0,3,37,0,72,0,0,0,0,0,0,49,0,34,0,0,52,384,0,14,4,0,0,0,21,20,0,0,0,0,0,0,0,0,6,6,0,0,0,0,0,0,0,0,0,0,32,0,4,5,11,11,0,0,3,0,19,11,0,3,52,0,3,0,4888,31,0,16,0,0,0,0,22,0,84,0,2,5,0,0,46,460,0,0,0,137,0,3
MISSOURI,4003,5547,11051,3592,135,24591,113,148,38,4,0,0,0,3,100,5,0,70,6,23,7,0,93,0,47,15,25,12,0,387,34,990,0,218,0,119,10,725,32,0,86,93,372,0,11,0,38,1259,248,0,179,13,0,30,48,43,339,0,0,11,17,0,21,0,0,128,62,94,267,0,148,0,0,0,396,0,4,7,82,0,0,21,7,246,187,0,23,0,0,0,204,24,0,37,170,169,44,32,0,2098,40,186,796,30,73,71,272,43,219,37,642,0,0,439,26,48,20,59,11,60,0,152,24,0,5,0,0,17,0,4,67,0,10,0,0,15,0,2339,0,107,0,17,0,0,65,0,3,0,248,29,0,0,40,68,0,502,0,4,10,0,0,0,487,0,41,0,3,199,1266,0,108,9,0,7,0,98,239,29,0,3,0,0,17,0,0,62,45,29,61,0,44,7,0,3,3,0,612,123,12,90,65,32,188,0,0,23,13,79,141,17,52,247,0,69,0,24591,30,15,110,0,0,0,27,378,25,356,0,13,10,134,0,131,1227,0,0,0,18,22,42
MONTANA,54,465,484,353,34,1713,0,0,0,0,0,0,0,0,4,0,0,21,0,0,0,0,0,0,15,0,0,0,0,0,0,0,0,43,0,5,0,11,0,0,0,3,197,0,0,0,3,69,22,0,0,0,0,6,0,0,4,0,0,3,0,0,6,0,0,5,0,5,0,0,0,0,0,0,0,0,0,0,13,0,0,0,0,60,10,0,0,0,0,0,6,0,0,0,3,0,3,3,0,51,3,0,4,0,0,3,7,3,0,0,0,0,0,29,0,0,0,3,0,0,0,0,0,0,0,0,0,0,0,0,0,0,0,0,0,0,0,146,0,5,0,0,0,0,5,0,0,0,3,16,0,0,13,0,0,4,0,0,0,0,7,0,7,0,0,0,0,15,197,0,15,0,0,0,0,11,37,0,0,0,0,0,0,0,0,0,0,0,0,0,0,0,0,0,0,0,0,24,0,12,6,0,0,0,0,0,6,0,3,0,0,36,0,0,0,1713,0,3,5,0,0,0,0,41,0,89,0,0,0,0,0,4,57,0,0,0,0,0,0
NEBRASKA,2668,4711,6129,502,17,14362,65,3,0,0,0,0,0,0,18,0,0,17,0,0,4,3,20,0,11,3,0,79,0,328,0,32,0,62,0,8,60,1610,3,0,6,77,113,0,0,3,10,309,104,0,54,20,0,10,44,0,437,0,0,0,0,0,7,0,0,43,31,41,397,0,17,0,0,0,184,0,0,0,16,0,9,16,0,50,59,0,0,0,0,0,461,0,0,4,13,95,4,4,0,500,12,69,955,4,14,0,21,17,30,10,141,0,0,79,0,0,0,30,0,6,0,21,5,0,0,0,0,0,0,0,14,0,3,0,0,0,0,2722,0,4,0,3,0,0,23,0,0,0,288,6,0,0,0,25,4,80,0,0,0,0,0,0,60,0,12,0,0,77,313,0,14,0,0,0,0,29,59,0,0,0,0,0,0,0,0,15,3,0,3,0,0,0,0,0,0,0,847,48,74,28,13,18,462,0,0,0,0,32,23,60,15,459,0,227,0,14362,0,0,17,0,0,0,15,115,0,93,0,6,0,9,0,52,751,0,0,0,0,3,31
NEVADA,2510,20392,16170,3393,270,42976,113,67,7,3,0,0,0,0,210,194,0,115,0,20,5,3,113,6,46,22,76,0,0,64,48,89,0,369,0,386,0,68,0,0,59,46,552,0,0,0,86,1779,466,0,44,8,0,102,21,51,2872,0,0,30,17,0,41,0,0,175,135,102,1631,0,225,10,0,0,1296,0,43,16,174,0,0,0,7,203,87,0,36,0,0,0,860,3,0,27,60,239,144,98,0,799,117,618,311,34,300,126,148,125,50,37,122,0,0,620,0,18,18,79,4,64,0,39,9,0,32,0,11,19,0,0,52,0,0,0,0,0,0,11318,0,129,0,19,4,0,70,0,0,0,73,35,0,0,47,246,0,162,0,9,7,0,12,0,242,0,60,0,0,465,8008,0,193,20,0,0,0,222,307,3,0,0,0,0,25,0,0,27,21,67,49,0,12,14,0,17,0,0,30,90,0,95,52,110,51,0,0,32,14,66,295,6,4,584,0,5,37,42976,53,15,107,11,0,0,4,170,4,458,6,3,35,26,0,142,795,0,0,0,0,15,19
NEW.HAMPSHIRE,777,2111,3227,1329,55,7784,5,45,0,0,0,0,0,0,11,0,0,39,0,0,0,0,22,0,11,6,0,3,0,497,4,71,0,350,0,31,0,26,20,0,46,11,363,0,0,0,21,291,196,0,134,0,0,13,9,3,29,0,0,11,4,0,22,0,0,482,46,57,51,0,0,0,0,0,3,0,0,9,40,0,0,3,0,90,46,0,35,0,0,0,21,4,0,3,84,35,7,12,0,670,146,40,174,49,14,23,78,17,22,0,105,0,0,72,0,6,0,32,3,46,0,41,0,0,3,0,0,3,0,0,15,0,0,0,0,0,0,194,0,17,0,0,0,0,41,0,0,0,329,14,0,0,16,0,0,82,0,3,4,0,0,0,103,0,9,0,0,58,252,0,68,54,0,0,0,63,75,35,0,0,0,0,0,0,0,4,0,7,38,0,3,7,0,0,0,0,45,34,0,67,19,10,48,0,0,19,4,11,48,0,15,78,0,6,0,7784,12,0,43,0,0,0,7,62,4,344,3,8,21,9,0,27,181,0,0,0,0,0,25
NEW.JERSEY,16124,77969,63996,19314,242,177890,216,659,303,0,0,40,0,96,892,157,4,189,40,60,33,24,2457,166,354,89,97,26,3,10,291,123,0,3422,0,410,115,153,3,43,52,244,1102,0,0,29,466,5018,8646,0,41,31,0,1553,189,80,2645,3,28,67,62,0,161,0,222,19300,7012,5290,2620,0,42,53,0,0,190,0,8,34,521,0,0,43,485,613,2629,0,285,0,116,0,1914,166,0,1847,4885,1644,285,251,5,27473,207,554,291,309,933,924,4761,296,797,158,807,0,0,5352,121,185,58,16,68,299,0,966,50,0,156,0,0,418,11,10,214,0,50,12,0,5,11,3615,0,127,0,25,54,5,863,21,0,0,356,107,8,0,42,526,6,2349,0,88,125,0,14,12,3603,0,189,0,165,6264,7832,0,3723,2013,0,20,0,475,1457,10,0,54,153,96,3,0,0,227,162,112,210,0,432,72,0,320,9,0,0,317,0,600,521,427,113,41,0,131,81,751,748,72,79,290,0,119,0,177890,1397,50,2038,24,0,0,100,1482,136,1842,35,88,795,222,0,891,1296,3,0,0,67,54,115
NEW.MEXICO,392,10869,2649,791,46,15064,45,3,0,0,0,0,0,0,31,3,0,36,0,6,0,0,29,0,7,12,4,0,0,15,18,0,0,80,0,3,0,25,0,0,5,44,157,0,0,0,33,291,128,0,13,3,0,32,0,0,335,0,0,4,3,0,21,0,0,28,35,27,115,0,3,0,0,0,19,0,3,3,65,0,0,0,0,155,34,0,0,0,0,0,133,0,0,0,6,49,0,4,0,347,14,79,198,4,25,48,28,27,61,3,71,0,0,114,3,7,0,11,0,10,0,0,0,0,0,0,0,0,0,0,11,0,0,0,0,0,0,9447,0,5,0,0,0,0,31,0,0,0,44,20,0,0,7,24,0,65,0,0,0,0,0,0,86,0,15,0,7,97,679,0,39,0,0,0,0,38,53,0,0,0,0,0,0,0,0,8,0,0,5,0,3,0,0,3,0,0,4,40,0,22,28,8,0,0,0,5,14,3,48,0,25,60,0,0,0,15064,15,6,26,0,0,0,0,44,0,180,0,13,3,0,0,49,353,0,0,0,8,0,4
NEW.YORK,29528,184528,142189,45464,964,402904,931,2769,559,10,0,46,7,609,1506,545,44,753,109,552,127,33,20368,1220,1398,292,562,168,36,1963,517,537,11,3183,4,733,497,2864,83,45,202,437,3209,10,40,60,841,41452,10097,0,485,132,0,571,1202,234,1656,9,120,240,95,0,255,9,605,49785,12842,3702,7196,0,195,121,0,0,601,0,23,106,1942,3,49,668,1760,1409,5490,0,1125,0,1842,0,2675,1894,6,14957,12311,2849,1352,528,36,14298,583,1384,1871,1435,2760,2597,25033,838,800,674,633,0,0,6852,859,252,365,82,223,581,4,714,77,0,267,12,52,280,27,15,1020,0,747,46,0,289,34,7696,0,656,0,47,562,61,1652,20,4,0,3247,251,41,0,172,707,116,3793,0,63,103,0,21,10,9251,0,997,3,570,5159,9263,0,5425,731,0,36,0,1200,4677,96,0,332,1489,1413,0,0,0,390,1044,343,975,0,732,140,16,272,43,0,532,593,12,1438,877,1099,672,315,0,351,214,613,1753,397,160,1546,0,588,0,402904,9222,175,2389,140,9,0,116,5302,214,4271,73,116,411,2608,0,1722,1718,37,0,0,2770,152,152
NORTH.CAROLINA,9893,25057,27916,7254,268,70579,138,70,120,23,0,24,0,34,287,25,0,184,26,55,78,10,258,54,158,66,62,48,9,892,82,118,0,835,0,143,27,1978,33,6,189,264,1471,0,24,11,204,2475,1929,0,827,77,0,478,176,31,911,0,6,86,38,0,107,0,35,1468,862,685,2016,0,357,29,0,0,641,0,0,38,263,0,17,175,36,649,773,0,85,0,23,0,666,90,0,164,480,1134,108,100,6,7971,112,506,717,157,166,290,1023,129,383,98,861,0,0,1120,30,119,39,450,36,167,0,596,45,0,47,0,0,10,0,18,115,0,64,3,0,4,3,7996,0,311,0,18,5,0,624,11,4,0,787,112,0,0,61,358,101,1099,0,9,4,0,15,0,1153,0,220,0,24,908,2308,0,296,41,0,9,0,347,600,55,0,37,40,28,0,0,0,125,166,35,41,0,204,23,0,45,0,0,143,525,7,199,131,135,413,11,0,131,42,148,297,13,76,765,0,211,0,70579,303,30,247,7,0,0,64,666,58,1638,17,36,124,142,0,686,3023,0,0,0,396,62,132
NORTH.DAKOTA,1468,425,1161,204,3,3569,6,0,0,0,0,0,0,0,0,0,0,3,0,3,0,0,9,0,3,0,0,0,0,417,0,60,0,12,0,5,0,9,17,0,3,56,108,0,0,3,0,66,18,0,91,23,0,0,29,0,20,0,0,0,3,0,4,0,0,5,0,3,12,0,6,0,0,0,64,0,0,0,0,0,0,6,0,20,131,0,0,0,0,0,15,4,0,0,41,3,0,0,0,82,0,11,106,0,0,3,34,0,7,3,89,0,0,15,0,0,0,0,0,3,0,312,0,0,0,0,0,0,0,0,0,0,0,0,0,11,0,144,0,13,0,3,0,0,0,0,0,0,90,0,0,0,0,0,0,81,0,0,0,0,0,0,13,0,0,0,0,3,158,0,20,0,0,0,0,17,18,22,0,0,0,0,0,0,0,0,0,0,6,0,28,0,0,0,0,0,368,31,6,6,0,8,64,0,0,0,0,8,3,0,3,22,0,7,0,3569,10,0,3,0,0,0,3,20,0,6,0,2,0,0,0,0,113,0,0,0,0,0,10
OHIO,14559,8214,30407,6446,157,60015,153,310,260,0,0,7,0,9,140,72,0,96,22,43,21,0,266,20,115,55,12,35,0,7569,42,178,0,470,0,105,76,828,58,0,225,516,975,0,16,11,81,2491,386,0,394,63,0,71,170,85,186,0,13,41,21,0,43,15,3,637,192,651,268,0,377,18,0,0,1244,0,14,25,153,0,17,173,74,407,2180,0,106,0,3,0,254,308,0,114,206,185,84,105,3,5894,146,388,1368,77,236,249,537,144,950,82,676,0,0,699,15,182,69,115,36,436,0,349,83,0,56,0,0,69,3,14,93,0,95,0,0,415,4,2258,0,136,0,15,0,0,477,0,0,0,1893,89,0,0,40,91,31,864,0,24,17,0,5,0,752,0,74,3,0,458,1754,0,286,6,0,15,0,483,557,110,0,0,21,3,0,0,0,186,460,74,105,0,425,10,0,34,0,0,2933,201,0,202,99,148,253,0,0,52,25,476,208,4,153,408,0,144,4,60015,115,50,308,4,0,0,91,1068,79,890,5,40,27,395,0,350,1076,0,0,0,56,42,115
OKLAHOMA,1951,7180,7592,1019,62,18116,4,8,7,20,0,3,0,0,45,0,0,30,0,0,10,0,158,0,12,8,22,5,0,0,26,11,0,133,0,33,6,1251,0,0,60,301,236,0,0,0,25,653,225,0,26,4,0,30,33,3,91,0,0,8,3,0,3,0,12,76,51,56,145,0,58,0,0,0,127,0,0,0,39,0,0,4,3,144,226,0,11,0,3,0,281,0,0,5,70,99,10,4,3,876,56,263,188,6,24,30,168,27,61,15,232,0,0,394,36,19,3,118,6,72,0,63,18,0,0,0,0,0,0,4,79,0,3,0,0,0,0,4866,0,17,0,3,0,0,136,0,0,0,186,16,0,0,12,35,0,388,0,3,3,0,0,0,370,0,31,0,0,207,808,0,41,0,0,0,0,27,153,3,0,0,5,0,0,0,0,31,20,4,4,0,15,8,0,3,0,0,7,63,0,20,13,30,24,0,0,8,4,77,69,0,11,175,0,8,0,18116,52,3,55,0,0,0,46,104,24,231,0,1,0,15,0,231,1404,0,0,0,3,22,29
OREGON,2245,11364,12812,5339,423,32425,90,22,11,17,0,0,0,0,104,22,0,150,10,23,0,0,91,0,109,33,9,4,0,207,37,60,0,267,0,50,3,448,10,0,160,43,722,0,4,0,95,1939,206,0,113,9,0,75,10,6,333,0,0,35,21,0,85,0,0,53,68,181,320,0,81,9,0,0,437,0,132,25,179,0,0,12,19,294,82,0,16,0,0,0,582,0,0,3,55,122,67,43,0,1637,112,466,709,93,82,95,68,149,74,113,176,0,0,599,11,40,68,218,16,58,0,42,27,0,5,0,0,7,0,0,62,0,0,0,0,0,0,7758,9,301,0,9,0,0,58,0,0,0,189,80,0,0,67,62,0,135,0,0,4,0,10,0,150,3,22,0,12,234,1528,0,82,7,0,0,0,356,635,22,0,0,0,0,16,0,0,56,11,15,12,0,18,22,0,12,0,0,455,175,0,159,67,63,25,0,0,67,33,85,283,26,17,485,0,6,29,32425,40,4,99,0,0,0,23,1528,21,747,4,8,10,141,0,103,2175,0,0,0,27,10,41
PENNSYLVANIA,12476,22618,38095,11456,262,85083,159,724,575,0,0,24,0,37,276,78,0,164,20,71,32,21,1338,100,457,70,60,83,13,4498,58,240,4,845,0,246,77,645,41,22,671,291,1002,0,11,24,148,4893,1253,0,188,40,0,191,244,45,515,0,4,81,39,0,85,5,43,6795,659,1229,378,0,153,18,0,0,594,0,37,17,330,0,13,71,270,584,810,0,216,0,51,0,423,323,0,310,1677,300,142,94,4,9306,434,377,964,282,289,545,2482,133,307,178,675,0,0,1757,69,105,108,114,39,195,0,2307,41,0,73,0,0,24,0,7,117,0,245,0,0,64,5,2596,0,211,0,24,4,0,812,0,7,0,1313,113,3,0,61,133,87,1183,0,5,4,0,12,8,1577,0,101,0,23,615,2043,0,924,160,0,9,0,413,1059,62,0,26,54,103,0,0,0,117,98,82,96,0,644,36,3,66,6,0,182,257,9,394,168,145,314,12,0,83,46,587,295,64,82,447,0,150,0,85083,726,105,515,24,0,0,103,1781,76,1524,9,25,92,481,0,477,3107,0,0,0,53,78,137
PUERTO.RICO,3,8677,161,213,0,9271,0,0,0,0,0,0,0,0,129,0,0,0,0,0,0,0,0,0,0,0,0,0,0,0,9,0,0,37,0,0,0,0,0,0,0,0,8,0,0,0,53,104,503,0,0,0,0,28,0,0,587,0,0,3,0,0,0,0,0,6027,98,0,66,0,0,0,0,0,0,0,0,0,23,0,0,0,0,6,0,0,0,0,0,0,43,0,0,3,14,39,0,0,0,5,0,3,0,0,3,30,3,0,23,0,0,0,0,3,0,0,0,0,0,0,0,0,0,0,0,0,0,3,0,0,0,0,0,0,0,0,0,276,0,0,0,0,0,0,3,0,0,0,0,0,0,0,0,41,0,0,0,0,0,0,0,0,0,0,58,0,6,130,14,0,0,0,0,0,0,0,4,0,0,13,0,0,0,0,0,0,0,0,0,0,0,0,0,0,0,0,0,0,0,0,135,0,0,0,0,0,0,0,0,0,0,3,0,0,0,9271,4,0,3,0,0,0,0,0,0,9,0,6,31,0,0,471,0,0,0,0,0,0,0
RHODE.ISLAND,2676,6648,2003,1313,21,12985,0,3,3,0,0,29,0,3,25,19,0,21,0,3,0,0,16,7,11,8,0,0,3,41,173,0,0,213,0,15,0,16,9,1150,251,4,117,0,0,0,19,292,629,0,21,0,0,12,45,3,31,0,0,0,0,0,3,0,0,3151,75,52,162,0,17,0,0,0,26,0,0,5,60,0,0,66,0,51,120,0,18,0,0,0,1083,26,11,7,276,51,7,3,0,269,0,34,65,41,4,83,172,0,4,0,28,0,0,82,0,0,3,131,0,52,0,527,0,0,5,0,0,0,0,0,7,0,13,0,0,4,0,206,0,0,0,0,0,0,79,0,0,0,58,6,0,0,0,12,0,267,0,0,4,0,0,0,105,0,6,0,0,94,215,0,100,597,0,0,0,24,51,0,0,4,0,0,0,0,0,6,126,0,0,0,6,3,0,0,0,0,0,33,0,9,16,9,0,0,0,8,4,86,15,0,4,83,0,0,0,12985,32,0,46,0,0,0,4,27,0,158,0,8,0,4,0,85,77,0,0,0,0,0,6
SOUTH.CAROLINA,1793,7905,6945,3466,148,20520,29,73,4,49,0,0,0,6,124,37,0,61,3,3,26,0,76,15,86,31,21,15,3,9,44,7,0,412,0,70,12,239,9,0,99,126,580,0,0,0,48,807,1105,0,32,0,0,159,42,4,240,0,4,37,17,0,31,0,0,315,208,229,207,0,16,6,0,0,79,0,3,3,131,0,0,16,12,381,149,0,58,0,8,0,190,11,0,75,152,284,29,36,4,1735,35,112,92,60,93,96,648,42,95,41,154,0,0,335,4,28,34,57,13,65,0,70,8,0,28,0,0,4,5,0,21,0,3,0,4,0,0,2151,16,74,0,3,0,0,118,0,0,0,127,51,0,0,15,85,0,249,0,4,0,0,0,0,141,0,81,0,4,267,1208,0,132,29,0,0,0,166,370,10,0,3,12,8,0,0,0,20,29,8,11,0,19,7,0,15,0,0,0,200,0,76,80,34,44,0,0,30,15,46,77,8,31,178,0,51,0,20520,129,7,90,0,0,0,26,558,3,664,0,11,64,94,0,231,758,0,0,0,22,8,21
SOUTH.DAKOTA,1013,447,1579,167,4,3518,6,0,0,0,0,0,0,0,3,0,0,4,0,0,0,0,7,0,0,3,0,0,0,482,0,20,0,9,0,3,0,381,39,0,3,3,44,0,0,0,0,72,16,0,60,0,0,0,14,0,19,0,0,0,0,0,0,0,0,4,0,8,57,0,113,0,0,0,343,0,0,0,0,0,0,0,0,9,11,0,0,0,0,0,105,0,0,0,0,14,0,0,0,96,3,7,61,0,0,0,3,0,0,0,23,0,0,10,0,0,0,3,0,0,0,129,0,0,0,0,0,0,0,0,0,0,0,0,0,0,0,155,0,0,0,0,0,0,8,0,0,0,109,5,0,0,0,3,0,10,0,0,0,0,0,0,12,0,0,0,0,15,131,0,3,0,0,0,0,6,12,0,0,0,0,0,0,0,0,0,0,0,0,0,0,0,0,0,0,0,104,24,10,4,0,0,73,0,0,0,5,0,0,0,26,144,0,10,0,3518,0,0,0,0,0,0,5,78,0,19,0,0,0,0,0,0,52,0,0,0,0,0,0
TENNESSEE,6101,7993,11728,2504,142,28703,65,34,19,0,0,0,0,4,102,16,0,104,4,3,20,0,130,11,20,23,36,5,4,355,34,95,0,295,0,42,5,732,53,4,115,80,614,0,0,0,68,1065,380,0,153,30,0,83,59,13,385,0,3,31,13,0,29,0,9,171,117,2086,420,0,86,3,0,0,701,0,0,6,75,0,4,51,3,282,267,0,20,0,10,0,358,74,0,55,147,336,26,40,0,2547,66,328,1261,43,85,54,226,60,299,18,302,0,0,481,23,81,8,323,8,79,0,94,17,0,19,0,0,0,3,4,49,0,26,0,0,65,0,3339,0,92,0,5,0,0,106,0,0,0,205,42,0,0,35,109,0,492,0,3,4,0,15,0,327,0,82,0,0,193,1012,0,106,10,0,4,0,158,225,42,0,3,0,3,3,0,0,53,94,18,27,0,31,16,0,9,5,0,452,225,20,79,35,35,205,0,0,38,17,88,106,0,63,276,0,44,0,28703,87,23,107,0,0,0,37,236,12,508,0,9,23,89,0,269,1016,0,0,0,179,28,51
TEXAS,33480,176930,117185,15055,907,343799,819,237,396,53,0,66,0,49,1173,89,10,493,39,165,108,61,2277,69,165,177,410,84,10,1353,438,344,9,2435,10,331,142,3904,290,4,987,1873,3452,3,20,39,448,9244,5270,0,1546,198,0,522,394,95,5159,12,18,110,47,0,248,15,208,1084,987,1888,10458,15,1082,24,0,4,3186,0,53,117,832,3,77,163,60,1366,1676,0,168,0,91,0,2587,111,0,278,333,3291,421,186,17,30220,621,4318,6240,247,670,483,1541,328,1213,255,3244,0,0,4254,148,518,92,330,41,914,0,681,144,0,51,7,22,36,7,56,575,0,106,0,7,29,24,126585,24,196,0,37,9,0,678,18,4,0,3812,325,17,0,186,1118,6,9870,0,21,26,0,62,50,8769,7,618,3,75,2105,10549,0,510,90,0,76,0,747,1229,315,0,57,165,28,16,0,0,583,214,113,110,0,354,147,0,62,12,0,728,1046,42,414,541,566,727,30,0,206,113,719,1658,41,410,1668,0,197,62,343799,866,96,1154,35,0,0,264,718,417,4018,50,112,204,180,0,4599,16678,4,0,0,68,280,662
U.S..ARMED.SERVICES.POSTS,101,194,447,116,4,1167,5,0,0,4,0,0,0,0,0,0,0,0,0,0,0,0,0,0,0,3,0,0,0,0,0,0,0,18,0,0,4,0,0,0,0,4,3,0,0,0,0,43,23,0,0,0,0,0,3,0,3,0,0,0,0,0,0,0,0,13,0,3,4,0,0,0,0,0,11,0,0,0,0,0,0,0,0,31,37,0,0,0,0,0,0,0,0,0,8,7,0,0,0,7,4,0,0,0,0,18,44,3,0,3,8,0,0,114,3,0,0,0,0,0,0,0,0,0,0,0,0,0,0,0,0,0,0,0,0,0,0,59,0,0,0,0,0,0,3,0,0,0,3,3,0,0,0,0,0,19,0,0,0,0,0,0,0,0,0,0,0,5,213,0,6,0,0,0,0,0,8,0,0,0,0,0,0,0,0,0,0,0,0,0,0,0,0,0,0,0,0,6,0,0,7,0,0,0,0,0,0,0,5,0,0,30,0,3,0,1167,0,0,7,0,0,0,0,3,0,34,0,0,0,0,0,7,10,0,0,0,0,0,0
U.S..TERRITORIES1,0,2205,771,47,4,3241,0,0,0,4,0,0,29,195,0,0,0,0,0,0,0,0,3,4,0,0,0,0,0,0,0,0,0,0,0,0,0,0,0,0,0,0,9,0,0,0,0,68,0,0,0,0,0,0,0,0,3,0,0,0,0,0,3,0,607,401,0,0,3,0,0,0,0,0,0,0,0,0,16,0,0,0,0,4,0,0,0,0,21,0,0,0,0,25,110,0,4,0,0,23,0,0,0,0,3,0,43,0,31,0,0,0,0,40,0,0,0,0,0,0,0,0,0,0,0,0,0,0,0,0,0,0,0,0,0,0,0,6,0,0,0,0,0,6,0,0,0,0,3,0,4,0,0,0,0,0,0,0,0,0,0,0,0,0,0,0,0,0,576,0,0,0,0,0,0,0,3,0,0,311,277,30,0,0,0,0,0,0,0,0,0,0,6,0,0,0,0,0,0,0,0,0,0,0,0,0,0,0,3,0,0,11,0,0,0,3241,48,0,0,0,0,0,0,0,0,17,0,2,0,0,0,6,6,65,0,0,0,0,0
UTAH,1455,10781,6045,1598,744,20915,106,17,0,64,0,0,0,0,347,58,0,116,8,19,0,0,11,0,20,13,6,0,0,326,95,119,0,687,0,41,3,399,33,6,85,21,472,0,6,0,274,548,371,0,130,13,0,52,22,17,84,0,0,14,11,0,24,0,0,147,241,25,533,0,56,0,0,0,72,0,23,9,79,5,0,3,13,124,75,0,6,0,0,0,407,4,0,0,74,143,60,16,0,562,43,315,625,7,15,64,46,67,28,10,90,4,0,254,3,36,5,74,7,34,0,35,13,0,5,0,3,0,3,0,29,0,9,0,0,0,0,5292,0,24,0,45,0,0,24,0,0,0,190,31,0,0,87,50,0,69,0,0,0,0,5,0,190,0,46,0,24,970,653,0,58,4,0,0,0,44,157,64,0,0,0,0,137,0,0,19,3,6,11,0,13,8,0,6,0,0,258,146,8,48,72,45,170,0,0,49,16,27,157,3,15,268,0,23,308,20915,6,0,35,7,0,0,14,103,5,360,5,5,89,30,0,320,638,0,0,0,0,6,23
VERMONT,291,449,1439,496,14,3047,0,0,0,0,0,0,0,0,0,0,0,14,0,0,0,0,0,0,6,0,0,0,0,694,0,37,0,34,0,0,0,62,6,0,3,3,220,0,0,0,6,110,13,0,61,15,0,0,0,0,3,0,0,14,0,0,4,0,0,19,6,0,3,0,0,0,0,0,3,0,0,0,39,0,0,0,0,68,15,0,4,0,0,0,0,0,0,0,3,3,0,3,0,119,3,16,51,6,9,5,67,4,0,0,36,0,0,19,0,0,0,0,0,0,0,0,4,0,0,0,0,0,0,0,6,0,0,0,0,0,0,32,0,60,0,0,0,0,8,0,0,0,150,11,0,0,0,0,0,14,0,3,0,0,0,0,7,0,3,0,0,34,61,0,20,0,0,0,0,9,36,3,0,0,0,0,0,0,0,0,0,0,0,0,0,0,0,0,0,0,96,15,0,21,3,6,9,0,0,12,9,0,0,0,3,43,0,0,0,3047,0,0,0,0,0,0,0,3,0,123,0,0,0,0,0,3,76,0,0,0,0,0,0
VIRGINIA,17350,27382,47695,8272,306,101190,2076,151,205,23,0,16,0,25,498,70,0,169,30,103,15,21,1737,54,179,62,45,75,9,635,2759,169,0,925,0,326,62,284,38,0,325,539,1016,0,8,4,278,3262,1482,0,274,26,0,188,166,38,458,0,18,78,39,0,109,3,37,617,438,1764,6482,0,551,41,0,0,4326,0,22,35,331,0,17,48,82,679,2737,0,100,0,39,0,1383,85,0,210,363,1265,103,92,14,10879,178,2096,2190,151,167,342,1177,238,431,184,502,0,15,3786,64,171,83,83,49,365,0,310,61,0,68,0,0,38,42,13,161,0,22,0,3,45,26,3099,3,181,0,324,0,0,1401,7,4,0,2161,139,0,0,76,423,6,911,0,18,10,0,8,15,3921,3,232,0,52,2643,4929,0,328,142,0,36,0,461,880,28,0,34,42,31,3,0,0,298,111,87,66,0,816,38,0,44,0,0,266,371,6,309,236,225,735,6,0,98,56,309,352,82,83,862,0,214,4,101190,344,106,665,25,0,0,120,587,132,1437,26,31,125,226,0,562,3206,0,0,0,146,56,144
WASHINGTON,10223,19185,41417,14466,1411,86909,278,78,69,211,0,0,0,0,195,116,0,344,29,140,3,5,199,6,365,41,36,10,0,511,52,191,0,644,0,287,44,663,35,0,1082,76,2763,0,0,0,193,5162,527,0,238,39,0,109,87,31,203,0,0,92,44,0,215,23,13,112,112,421,659,0,773,60,0,0,3028,0,426,59,365,0,6,371,88,693,268,0,59,0,12,0,466,72,0,40,114,195,425,100,17,8090,409,1215,1770,200,281,224,167,416,134,294,1329,0,0,2965,17,91,183,277,74,138,0,75,56,0,36,0,11,10,6,9,221,0,29,3,3,10,4,11535,3,1000,0,120,3,0,165,3,3,0,553,141,0,0,175,125,0,333,0,8,0,0,38,0,756,7,71,0,16,470,6590,0,320,37,0,6,0,736,1942,45,0,0,3,0,141,0,0,115,75,49,63,0,82,96,0,22,10,0,1410,337,21,519,173,141,280,0,0,124,54,95,983,40,81,952,0,36,101,86909,68,26,321,31,0,0,131,4454,61,1483,7,12,27,276,0,242,5066,0,0,0,51,53,64
WEST.VIRGINIA,323,584,997,233,3,2438,0,0,0,0,0,0,0,0,6,0,0,3,0,3,0,0,24,0,0,0,0,0,0,0,4,0,0,35,0,3,3,34,0,0,0,23,64,0,0,0,0,132,32,0,0,0,0,8,0,0,4,0,0,0,0,0,0,0,0,20,16,31,58,0,5,0,0,0,73,0,0,0,8,0,0,0,0,41,30,0,0,0,0,0,9,3,0,0,11,12,6,0,0,186,3,43,20,0,4,16,58,11,10,0,16,0,0,23,0,0,0,0,0,5,0,14,7,0,0,0,0,0,0,0,3,0,0,0,0,0,0,149,0,0,0,0,0,0,16,0,0,0,34,3,0,0,0,0,0,46,0,0,0,0,0,0,54,0,0,0,0,66,195,0,13,0,0,0,0,22,28,0,0,0,0,0,0,0,0,0,6,0,0,0,6,0,0,0,0,0,0,22,0,12,0,3,8,0,0,0,0,62,10,0,3,33,0,0,0,2438,17,0,14,0,0,0,0,11,0,76,0,1,0,0,0,15,85,0,0,0,0,0,11
WISCONSIN,2228,6268,9286,2864,94,20953,26,155,37,0,0,0,0,0,71,4,0,61,4,6,0,0,63,0,59,16,9,7,0,97,37,104,0,206,0,108,29,843,0,0,75,72,375,0,0,0,54,863,210,0,69,6,0,60,37,47,90,0,0,20,8,0,46,7,0,166,61,92,102,0,37,0,0,0,139,0,4,11,92,0,0,131,4,221,111,0,43,0,0,0,75,19,0,4,32,123,35,30,8,1923,34,123,465,57,52,79,183,43,206,17,164,0,0,209,60,43,9,908,37,30,0,56,21,0,25,0,0,46,0,3,50,0,9,0,0,0,0,3921,0,32,0,26,0,0,86,0,0,0,203,51,0,0,29,78,0,237,0,17,19,0,0,0,337,0,33,0,0,185,794,0,232,0,0,0,0,96,240,11,0,0,10,0,0,0,0,33,31,49,52,0,13,7,0,12,0,0,525,81,0,100,64,52,68,0,0,34,16,75,92,4,20,1013,0,42,0,20953,33,14,90,25,0,0,27,206,22,368,0,7,29,22,0,121,359,0,0,0,4,10,17
WYOMING,39,507,294,144,17,1274,3,0,0,0,0,0,0,0,4,0,0,11,0,0,0,0,0,0,0,0,0,0,0,0,0,0,0,9,0,6,0,3,0,0,0,0,63,0,0,0,3,43,10,0,0,0,0,0,0,0,0,0,0,0,4,0,0,0,0,3,0,3,7,0,0,0,0,0,3,0,0,0,0,0,0,0,0,34,4,0,0,0,0,0,14,0,0,0,3,0,0,3,0,31,7,0,0,0,0,0,15,0,0,0,7,0,0,15,0,0,0,0,0,5,0,0,0,0,0,0,0,0,0,0,0,0,0,0,0,0,0,341,0,23,0,0,0,0,0,0,0,0,11,0,0,0,3,3,0,7,0,0,0,0,0,0,12,0,3,0,0,21,125,0,0,0,0,0,0,15,11,0,0,0,0,0,0,0,0,0,0,0,0,0,0,0,0,0,0,0,9,3,0,0,0,0,0,0,0,3,0,0,3,0,0,13,0,0,3,1274,3,0,6,0,0,0,0,11,0,34,0,0,0,0,0,5,17,0,0,0,0,0,3
UNKNOWN,4599,14679,12789,3422,269,36002,142,117,59,82,0,8,0,19,150,90,0,75,9,29,19,1,377,23,59,30,42,24,2,269,88,50,0,447,0,79,27,432,19,57,110,220,510,5,9,3,52,1366,756,0,126,46,0,88,87,18,1019,0,3,18,18,0,28,2,106,1392,405,412,828,0,61,3,0,0,601,0,35,7,150,1,0,38,32,284,419,0,114,0,33,0,415,66,1,257,870,283,71,45,2,1871,69,386,731,105,204,200,910,111,146,34,330,0,1,971,9,48,26,99,12,111,0,204,19,0,23,0,3,6,5,2,48,0,20,0,4,11,0,4605,6,61,0,14,2,0,123,2,0,0,402,43,2,0,34,147,7,540,0,7,12,0,10,3,469,4,58,0,20,472,1956,0,238,94,0,1,0,124,316,20,0,35,42,29,10,0,0,61,69,13,57,1,114,12,0,17,1,0,394,86,0,75,81,56,117,8,0,42,24,108,166,19,46,392,0,79,18,36002,203,14,134,7,0,0,57,337,10,480,5,149,54,99,0,276,934,6,0,0,165,27,27