Region.Name,country_birth,TOTAL,ALABAMA,ALASKA,ARIZONA,ARKANSAS,CALIFORNIA,COLORADO,CONNECTICUT,DELAWARE,DISTRICT.OF.COLUMBIA,FLORIDA,GEORGIA,GUAM,HAWAII,IDAHO,ILLINOIS,INDIANA,IOWA,KANSAS,KENTUCKY,LOUISIANA,MAINE,MARYLAND,MASSACHUSETTS,MICHIGAN,MINNESOTA,MISSISSIPPI,MISSOURI,MONTANA,NEBRASKA,NEVADA,NEW.HAMPSHIRE,NEW.JERSEY,NEW.MEXICO,NEW.YORK,NORTH.CAROLINA,NORTH.DAKOTA,OHIO,OKLAHOMA,OREGON,PENNSYLVANIA,PUERTO.RICO,RHODE.ISLAND,SOUTH.CAROLINA,SOUTH.DAKOTA,TENNESSEE,TEXAS,U.S..ARMED.SERVICES.POSTS,U.S..TERRITORIES1,UTAH,VERMONT,VIRGINIA,WASHINGTON,WEST.VIRGINIA,WISCONSIN,WYOMING,UNKNOWN
Asia,Afghanistan,11246,13,0,232,0,3459,219,98,22,21,203,317,0,0,120,170,81,31,23,65,21,34,240,105,60,62,0,113,0,65,113,5,216,45,931,138,6,153,4,90,159,0,0,29,6,65,819,5,0,106,0,2076,278,0,26,3,142
Europe,Albania,12271,0,0,89,4,234,23,681,7,24,1142,59,0,4,10,677,19,9,0,4,0,12,104,1664,1721,16,0,148,0,3,67,45,659,3,2769,70,0,310,8,22,724,0,3,73,0,34,237,0,0,17,0,151,78,0,155,0,117
Africa,Algeria,5200,7,0,27,0,730,107,60,0,10,178,86,0,0,0,330,94,9,189,34,53,0,72,335,105,24,0,38,0,0,7,0,303,0,559,120,0,260,7,11,575,0,3,4,0,19,396,0,0,0,0,205,69,0,37,0,59
Oceania,American Samoa,1139,0,89,6,0,169,3,0,0,0,3,59,0,128,0,7,0,0,0,0,7,0,0,0,0,0,0,4,0,0,3,0,0,0,10,23,0,0,20,17,0,0,0,49,0,0,53,4,4,64,0,23,211,0,0,0,82
Europe,Andorra,0,0,0,0,0,0,0,0,0,0,0,0,0,0,0,0,0,0,0,0,0,0,0,0,0,0,0,0,0,0,0,0,0,0,0,0,0,0,0,0,0,0,0,0,0,0,0,0,0,0,0,0,0,0,0,0,0
Africa,Angola,633,0,0,3,0,32,3,11,0,4,53,8,0,0,0,8,0,0,0,0,6,0,14,148,0,0,0,0,0,0,0,0,40,0,46,24,0,7,3,0,24,0,29,0,0,0,66,0,0,0,0,16,0,0,0,0,8
Americas,Anguilla,114,0,0,0,0,0,0,0,0,0,30,0,0,0,0,0,0,0,0,0,0,0,3,0,0,0,0,0,0,0,0,0,0,0,7,0,0,0,0,0,0,0,0,0,0,0,0,0,29,0,0,0,0,0,0,0,0
Americas,Antigua and Barbuda,1701,4,0,3,0,25,0,36,3,0,270,81,0,0,0,3,0,0,0,0,3,0,42,59,0,0,0,3,0,0,0,0,96,0,609,34,0,9,0,0,37,0,3,6,0,4,49,0,195,0,0,25,0,0,0,0,19
Americas,Argentina,18318,46,15,124,41,2460,204,285,12,81,6626,347,0,40,22,292,82,40,37,48,62,12,337,342,144,101,15,100,4,18,210,11,892,31,1506,287,0,140,45,104,276,129,25,124,3,102,1173,0,0,347,0,498,195,6,71,4,150
Asia,Armenia,10774,0,0,27,0,8372,51,22,0,11,126,22,0,0,3,62,6,3,4,3,3,0,88,237,40,16,0,5,0,0,194,0,157,3,545,25,0,72,0,22,78,0,19,37,0,16,89,0,0,58,0,70,116,0,4,0,90
Americas,Aruba,184,0,0,0,0,3,0,0,0,0,52,8,0,0,0,0,0,0,0,0,0,0,0,4,0,0,0,0,0,0,0,0,4,0,44,0,0,0,0,0,0,0,0,0,0,0,10,0,0,0,0,0,0,0,0,0,0
Oceania,Australia,7443,30,25,145,19,1731,274,106,6,37,395,162,0,77,34,220,61,35,46,38,33,23,97,231,133,94,6,70,21,17,115,39,189,36,753,184,3,96,30,150,164,0,21,61,4,104,493,0,0,116,14,169,344,3,61,11,75
Europe,Austria,1010,0,0,27,0,225,23,6,0,0,109,33,0,3,0,18,3,0,0,0,0,0,13,28,20,6,0,6,0,0,0,0,40,0,109,26,0,22,0,10,20,0,0,3,0,4,39,0,0,8,0,30,29,0,4,0,9
Asia,Azerbaijan,2617,0,0,30,0,684,27,14,0,7,82,34,0,0,6,74,4,0,11,15,3,3,62,100,36,19,0,23,0,0,20,0,60,6,552,55,3,43,0,23,71,0,3,3,0,3,165,0,0,19,0,103,140,3,6,0,29
Americas,Bahamas,2782,27,0,12,4,51,9,16,0,3,1639,236,0,3,0,30,14,0,0,8,6,0,45,34,20,14,3,7,0,4,5,0,33,0,127,78,0,21,10,0,32,0,0,26,0,20,108,0,0,0,0,15,3,0,0,0,19
Asia,Bahrain,438,0,0,3,0,65,0,0,0,0,6,10,0,0,0,19,0,0,3,0,0,0,3,10,13,0,0,0,0,3,3,0,24,0,33,10,0,0,0,0,21,0,0,0,0,0,61,0,0,0,0,21,5,0,0,0,1
Asia,Bangladesh,42325,129,5,249,61,2188,75,610,81,72,1820,1160,0,22,4,389,101,38,115,34,86,7,919,863,2904,180,10,93,0,20,113,22,2457,29,20368,258,9,266,158,91,1338,0,16,76,7,130,2277,0,3,11,0,1737,199,24,63,0,377
Americas,Barbados,2875,8,0,7,0,56,10,50,3,3,358,112,0,0,0,12,13,0,0,19,0,0,86,276,8,6,0,0,0,0,6,0,166,0,1220,54,0,20,0,0,100,0,7,15,0,11,69,0,4,0,0,54,6,0,0,0,23
Europe,Belarus,7256,7,8,43,3,1063,148,131,22,6,547,127,0,6,18,418,37,3,7,15,0,0,144,415,59,239,0,47,15,11,46,11,354,7,1398,158,3,115,12,109,457,0,11,86,0,20,165,0,0,20,6,179,365,0,59,0,59
Europe,Belgium,2532,0,0,51,7,444,63,47,0,19,254,82,0,0,5,66,20,3,7,9,24,3,59,103,53,25,0,15,0,3,22,6,89,12,292,66,0,55,8,33,70,0,8,31,3,23,177,3,0,13,0,62,41,0,16,0,30
Americas,Belize,4158,15,0,46,6,1453,16,15,0,3,336,92,0,0,0,399,29,0,0,16,31,0,24,29,9,9,8,25,0,0,76,0,97,4,562,62,0,12,22,9,60,0,0,21,0,36,410,0,0,6,0,45,36,0,9,0,42
Africa,Benin,1515,0,0,3,7,33,43,5,0,8,23,73,0,0,0,151,68,36,6,6,3,0,178,22,14,53,0,12,0,79,0,3,26,0,168,48,0,35,5,4,83,0,0,15,0,5,84,0,0,0,0,75,10,0,7,0,24
Americas,Bermuda,312,0,0,0,0,20,0,0,0,0,38,39,0,0,0,0,0,0,0,0,0,0,16,18,3,0,0,0,0,0,0,0,3,0,36,9,0,0,0,0,13,0,3,3,0,4,10,0,0,0,0,9,0,0,0,0,2
Asia,Bhutan,28756,0,24,243,0,143,682,14,0,0,31,1123,0,0,220,417,8,670,252,987,0,0,349,879,621,445,0,387,0,328,64,497,10,15,1963,892,417,7569,0,207,4498,0,41,9,482,355,1353,0,0,326,694,635,511,0,97,0,269
Americas,Bolivia,8130,11,9,31,10,721,44,51,3,37,1212,70,0,0,0,116,15,3,13,22,28,0,575,146,23,31,0,34,0,0,48,4,291,18,517,82,0,42,26,37,58,9,173,44,0,34,438,0,0,95,0,2759,52,4,37,0,88
Europe,Bosnia and Herzegovina,8610,18,0,314,3,295,90,309,0,10,653,517,0,3,170,608,134,534,11,316,26,14,30,104,614,146,0,990,0,32,89,71,123,0,537,118,60,178,11,60,240,0,0,7,20,95,344,0,0,119,37,169,191,0,104,0,50
Africa,Botswana,169,0,0,0,0,10,0,0,0,0,16,12,0,0,0,3,0,0,0,0,0,0,14,4,3,0,0,0,0,0,0,0,0,0,11,0,0,0,0,0,4,0,0,0,0,0,9,0,0,0,0,0,0,0,0,0,0
Americas,Brazil,49281,211,33,390,62,5044,482,1683,62,106,11445,1917,0,215,61,737,250,115,144,120,215,63,819,7595,493,247,57,218,43,62,369,350,3422,80,3183,835,12,470,133,267,845,37,213,412,9,295,2435,18,0,687,34,925,644,35,206,9,447
Asia,Brunei,81,0,0,3,0,9,0,0,0,0,0,0,0,0,0,0,0,0,0,0,0,0,0,0,0,0,0,0,0,0,0,0,0,0,4,0,0,0,0,0,0,0,0,0,0,0,10,0,0,0,0,0,0,0,0,0,0
Europe,Bulgaria,9705,22,24,152,11,1158,195,95,41,43,835,326,0,24,19,1849,47,17,33,25,41,56,206,619,131,80,3,119,5,8,386,31,410,3,733,143,5,105,33,50,246,0,15,70,3,42,331,0,0,41,0,326,287,3,108,6,79
Africa,Burkina Faso,1774,0,0,13,3,38,25,0,0,22,15,87,0,0,0,45,19,0,3,0,4,0,147,21,16,18,0,10,0,60,0,0,115,0,497,27,0,76,6,3,77,0,0,12,0,5,142,4,0,3,0,62,44,3,29,0,27
Asia,Burma,42494,27,0,616,145,2191,618,78,11,8,1051,1623,0,40,221,1139,5686,1985,795,1084,119,4,1234,304,1200,3629,15,725,11,1610,68,26,153,25,2864,1978,9,828,1251,448,645,0,16,239,381,732,3904,0,0,399,62,284,663,34,843,3,432
Africa,Burundi,1630,15,0,104,0,29,31,21,0,0,14,27,0,0,23,64,0,153,0,68,0,64,40,27,38,18,0,32,0,3,0,20,3,0,83,33,17,58,0,10,41,0,9,9,39,53,290,0,0,33,6,38,35,0,0,0,19
Africa,Cabo Verde,6237,0,0,0,0,6,0,118,0,0,83,12,0,0,0,0,0,0,3,0,0,0,0,4605,0,0,0,0,0,0,0,0,43,0,45,6,0,0,0,0,22,0,1150,0,0,4,4,0,0,6,0,0,0,0,0,0,57
Asia,Cambodia,12689,47,0,146,78,3362,117,126,0,3,287,343,0,20,8,139,69,62,61,185,93,99,132,1626,100,597,48,86,0,6,59,46,52,5,202,189,3,225,60,160,671,0,251,99,3,115,987,0,0,85,3,325,1082,0,75,0,110
Africa,Cameroon,13893,52,18,163,54,505,79,45,125,296,233,626,0,8,3,311,83,97,58,93,72,17,4226,523,212,467,19,93,3,77,46,11,244,44,437,264,56,516,301,43,291,0,4,126,3,80,1873,4,0,21,3,539,76,23,72,0,220
Americas,Canada,46036,267,131,1499,134,7115,1029,615,46,137,4684,1229,5,252,277,1117,461,184,209,254,208,335,534,1655,1998,675,78,372,197,113,552,363,1102,157,3209,1471,108,975,236,722,1002,8,117,580,44,614,3452,3,9,472,220,1016,2763,64,375,63,510
Americas,Cayman Islands,121,0,0,0,0,3,0,3,0,0,34,0,0,0,0,0,0,0,0,0,0,0,0,0,0,0,0,0,0,0,0,0,0,0,10,0,0,0,0,0,0,0,0,0,0,0,3,0,0,0,0,0,0,0,0,0,5
Africa,Central African Republic,416,0,0,18,0,8,17,0,0,12,6,30,0,0,0,8,0,4,0,0,0,11,45,15,6,0,0,11,0,0,0,0,0,0,40,24,0,16,0,4,11,0,0,0,0,0,20,0,0,6,0,8,0,0,0,0,9
Africa,Chad,401,0,0,11,0,10,0,0,0,3,0,7,0,0,0,5,66,4,0,0,0,0,33,0,0,0,0,0,0,3,0,0,29,0,60,11,3,11,0,0,24,0,0,0,0,0,39,0,0,0,0,4,0,0,0,0,3
Americas,Chile,8151,32,11,121,8,1096,117,113,20,37,1921,183,0,19,22,137,21,29,15,27,19,8,217,222,69,71,14,38,3,10,86,21,466,33,841,204,0,81,25,95,148,53,19,48,0,68,448,0,0,274,6,278,193,0,54,3,52
Asia,"China, People's Republic",178668,611,108,1495,302,51932,1512,1431,344,189,4207,3334,128,1393,219,5253,1250,508,596,481,598,163,3929,8431,2279,1540,258,1259,69,309,1779,291,5018,291,41452,2475,66,2491,653,1939,4893,104,292,807,72,1065,9244,43,68,548,110,3262,5162,132,863,43,1366
Americas,Colombia,82243,209,48,443,89,4244,428,1562,102,157,30296,2948,0,50,71,1236,257,82,170,181,286,43,1060,2432,265,237,69,248,22,104,466,196,8646,128,10097,1929,18,386,225,206,1253,503,629,1105,16,380,5270,23,0,371,13,1482,527,32,210,10,756
Africa,Comoros,12,0,0,0,0,0,0,0,0,0,0,0,0,0,0,0,0,0,0,0,0,0,0,0,0,0,0,0,0,0,0,0,0,0,0,0,0,0,0,0,0,0,0,0,0,0,0,0,0,0,0,0,0,0,0,0,0
Africa,"Congo, Democratic Republic",10279,44,0,307,0,320,306,146,0,10,113,432,0,0,185,517,149,561,68,471,23,162,431,328,245,132,0,179,0,54,44,134,41,13,485,827,91,394,26,113,188,0,21,32,60,153,1546,0,0,130,61,274,238,0,69,0,126
Africa,"Congo, Republic",1575,3,0,68,0,61,66,17,0,3,22,64,0,0,26,102,7,39,9,22,3,15,64,41,47,20,0,13,0,20,8,0,31,3,132,77,23,63,4,9,40,0,0,0,0,30,198,0,0,13,15,26,39,0,6,0,46
Oceania,Cook Islands,4,0,0,0,0,0,0,0,0,0,0,0,0,0,0,0,0,0,0,0,0,0,0,0,0,0,0,0,0,0,0,0,0,0,0,0,0,0,0,0,0,0,0,0,0,0,0,0,0,0,0,0,0,0,0,0,0
Americas,Costa Rica,8695,32,3,96,25,847,101,123,15,18,1760,271,0,17,12,112,63,3,29,22,69,0,168,204,69,76,21,30,6,10,102,13,1553,32,571,478,0,71,30,75,191,28,12,159,0,83,522,0,0,52,0,188,109,8,60,0,88
Africa,Cote d'Ivoire,5160,7,0,55,0,183,92,62,28,36,105,341,0,0,6,100,60,39,8,36,8,0,480,150,59,97,0,48,0,44,21,9,189,0,1202,176,29,170,33,10,244,0,45,42,14,59,394,3,0,22,0,166,87,0,37,0,87
Europe,Croatia,1843,0,0,61,3,202,32,10,0,0,173,66,0,0,4,118,44,25,4,15,7,6,27,50,48,8,0,43,0,0,51,3,80,0,234,31,0,85,3,6,45,0,3,4,0,13,95,0,0,17,0,38,31,0,47,0,18
Americas,Cuba,157766,168,18,784,20,1595,214,151,30,48,130666,1031,0,13,18,473,117,83,136,2029,505,20,162,248,404,80,59,339,4,437,2872,29,2645,335,1656,911,20,186,91,333,515,587,31,240,19,385,5159,3,3,84,3,458,203,4,90,0,1019
Americas,Curacao,107,0,0,0,0,3,0,0,0,0,32,0,0,0,0,0,0,0,0,0,3,0,0,3,0,0,0,0,0,0,0,0,3,0,9,0,0,0,0,0,0,0,0,0,0,0,12,0,0,0,0,0,0,0,0,0,0
Asia,Cyprus,510,0,0,0,0,75,6,4,0,0,37,12,0,0,0,15,0,0,0,0,3,0,12,23,7,0,0,0,0,0,0,0,28,0,120,6,0,13,0,0,4,0,0,4,0,3,18,0,0,0,0,18,0,0,0,0,3
Europe,Czechia,2957,27,7,39,0,458,93,46,0,6,506,110,0,22,9,247,9,4,3,18,9,5,50,110,40,21,0,11,3,0,30,11,67,4,240,86,0,41,8,35,81,3,0,37,0,31,110,0,0,14,14,78,92,0,20,0,18
Europe,Czechoslovakia (former),1386,3,0,36,0,210,66,17,0,0,162,54,0,4,0,74,3,3,0,0,3,3,22,50,20,15,0,17,0,0,17,4,62,3,95,38,3,21,3,21,39,0,0,17,0,13,47,0,0,11,0,39,44,0,8,4,18
NA,D Data withheld to limit disclosure.,0,0,0,0,0,0,0,0,0,0,0,0,0,0,0,0,0,0,0,0,0,0,0,0,0,0,0,0,0,0,0,0,0,0,0,0,0,0,0,0,0,0,0,0,0,0,0,0,0,0,0,0,0,0,0,0,0
Europe,Denmark,3776,3,9,86,0,901,84,65,0,4,263,113,0,20,16,87,18,13,13,21,13,17,104,141,48,61,0,21,6,7,41,22,161,21,255,107,4,43,3,85,85,0,3,31,0,29,248,0,3,24,4,109,215,0,46,0,28
Africa,Djibouti,355,0,0,3,0,7,8,0,0,0,0,7,0,0,0,3,0,0,0,11,0,39,4,10,0,99,0,0,0,0,0,0,0,0,9,0,0,15,0,0,5,0,0,0,0,0,15,0,0,0,0,3,23,0,7,0,2
Americas,Dominica,2892,0,5,0,0,48,3,54,0,0,408,137,0,0,0,25,3,0,3,0,6,0,82,101,12,0,0,0,0,0,0,0,222,0,605,35,0,3,12,0,43,0,0,0,0,9,208,0,607,0,0,37,13,0,0,0,106
Americas,Dominican Republic,125800,84,169,164,34,513,102,2481,171,251,12647,1148,0,8,21,389,278,38,56,64,418,37,1238,12219,376,130,115,128,5,43,175,482,19300,28,49785,1468,5,637,76,53,6795,6027,3151,315,4,171,1084,13,401,147,19,617,112,20,166,3,1392
Americas,Ecuador,37247,29,12,140,22,1571,100,1593,49,55,5337,434,0,18,18,1096,56,73,49,62,71,13,517,538,87,494,14,62,0,31,135,46,7012,35,12842,862,0,192,51,68,659,98,75,208,0,117,987,0,0,241,6,438,112,16,61,0,405
Africa,Egypt,32046,81,3,221,23,5795,81,222,110,46,2311,338,0,14,9,621,316,79,67,128,99,10,388,1127,464,280,28,94,5,41,102,57,5290,27,3702,685,3,651,56,181,1229,0,52,229,8,2086,1888,3,0,25,0,1764,421,31,92,3,412
Americas,El Salvador,82320,88,48,614,879,26965,545,317,52,804,2970,1728,0,20,87,584,437,326,327,126,171,31,6414,2682,162,409,36,267,0,397,1631,51,2620,115,7196,2016,12,268,145,320,378,66,162,207,57,420,10458,4,3,533,3,6482,659,58,102,7,828
Africa,Equatorial Guinea,68,0,0,0,0,6,0,0,0,0,0,0,0,0,0,0,0,0,0,0,0,0,5,0,0,0,0,0,0,0,0,0,0,0,0,0,0,0,0,0,0,0,0,0,0,0,15,0,0,0,0,0,0,0,0,0,0
Africa,Eritrea,8226,7,0,139,0,975,277,24,3,201,92,376,0,0,40,141,105,245,63,66,29,6,477,173,61,219,0,148,0,17,225,0,42,3,195,357,6,377,58,81,153,0,17,16,113,86,1082,0,0,56,0,551,773,5,37,0,61
Europe,Estonia,897,0,0,10,0,101,8,20,0,3,139,12,0,3,0,35,3,0,4,0,0,0,27,11,6,0,0,0,0,0,10,0,53,0,121,29,0,18,0,9,18,0,0,6,0,3,24,0,0,0,0,41,60,0,0,0,3
Africa,Eswatini,5,0,0,0,0,0,0,0,0,0,0,0,0,0,0,0,0,0,0,0,0,0,0,0,0,0,0,0,0,0,0,0,0,0,0,0,0,0,0,0,0,0,0,0,0,0,0,0,0,0,0,0,0,0,0,0,0
Africa,Eswatini (formerly Swaziland),38,0,0,0,0,4,0,0,0,0,0,0,0,0,0,0,0,0,0,0,0,0,0,0,3,0,0,0,0,0,0,0,0,0,0,0,0,0,0,0,0,0,0,0,0,0,4,0,0,0,0,0,0,0,0,0,0
Africa,Ethiopia,39314,62,25,374,11,3211,1570,85,27,1536,472,2405,0,0,43,608,226,358,349,205,56,54,4536,912,222,3532,10,396,0,184,1296,3,190,19,601,641,64,1244,127,437,594,0,26,79,343,701,3186,11,0,72,3,4326,3028,73,139,3,601
Americas,Falkland Islands,0,0,0,0,0,0,0,0,0,0,0,0,0,0,0,0,0,0,0,0,0,0,0,0,0,0,0,0,0,0,0,0,0,0,0,0,0,0,0,0,0,0,0,0,0,0,0,0,0,0,0,0,0,0,0,0,0
Oceania,Fiji,4114,3,0,42,0,3040,11,0,0,0,33,7,3,25,0,5,0,0,0,0,0,0,4,0,6,0,0,4,0,0,43,0,8,3,23,0,0,14,0,132,37,0,0,3,0,0,53,0,0,23,0,22,426,0,4,0,35
Europe,Finland,1458,0,3,27,0,331,30,22,0,10,162,55,0,0,0,31,10,0,0,3,5,7,36,35,32,30,0,7,0,0,16,9,34,3,106,38,0,25,0,25,17,0,5,3,0,6,117,0,0,9,0,35,59,0,11,0,7
Europe,France,14375,25,10,189,16,3374,211,196,17,135,1655,334,0,45,51,360,85,32,37,42,77,28,353,646,204,187,6,82,13,16,174,40,521,65,1942,263,0,153,39,179,330,23,60,131,0,75,832,0,16,79,39,331,365,8,92,0,150
Oceania,French Polynesia,78,0,0,0,0,9,0,0,0,0,4,0,0,27,0,0,0,0,0,0,0,0,0,0,0,0,0,0,0,0,0,0,0,0,3,0,0,0,0,0,0,0,0,0,0,0,3,0,0,5,0,0,0,0,0,0,1
Africa,Gabon,431,0,0,4,0,21,11,0,0,0,0,36,0,0,0,3,0,0,0,0,0,0,33,9,0,0,0,0,0,9,0,0,0,0,49,17,0,17,0,0,13,0,0,0,0,4,77,0,0,0,0,17,6,0,0,0,0
Africa,Gambia,3299,15,14,20,3,41,21,12,0,6,52,342,0,0,0,20,13,9,35,56,0,0,235,67,63,112,5,21,0,16,0,3,43,0,668,175,6,173,4,12,71,0,66,16,0,51,163,0,0,3,0,48,371,0,131,0,38
Asia,Georgia,4310,4,0,4,0,604,32,74,5,20,141,54,0,0,0,87,0,0,8,13,0,0,101,68,24,12,3,7,0,0,7,0,485,0,1760,36,0,74,3,19,270,0,0,12,0,3,60,0,0,13,0,82,88,0,4,0,32
Europe,Germany,20399,216,78,437,73,3347,554,214,47,69,1989,705,6,135,73,577,198,86,117,182,95,67,393,650,622,201,47,246,60,50,203,90,613,155,1409,649,20,407,144,294,584,6,51,381,9,282,1366,31,4,124,68,679,693,41,221,34,284
Africa,Ghana,30144,53,23,188,37,784,466,791,242,61,470,1509,0,17,7,1024,176,88,92,182,67,22,2549,1875,226,467,30,187,10,59,87,46,2629,34,5490,773,131,2180,226,82,810,0,120,149,11,267,1676,37,0,75,15,2737,268,30,111,4,419
Europe,Gibraltar,13,0,0,0,0,0,0,0,0,0,0,0,0,0,0,0,0,0,0,0,0,0,0,0,0,0,0,0,0,0,0,0,0,0,0,0,0,0,0,0,0,0,0,0,0,0,0,0,0,0,0,0,0,0,0,0,0
Europe,Greece,4997,7,3,33,3,502,33,120,27,16,363,75,0,0,0,313,42,0,3,11,22,15,160,507,115,11,0,23,0,0,36,35,285,0,1125,85,0,106,11,16,216,0,18,58,0,20,168,0,0,6,4,100,59,0,43,0,114
Americas,Greenland,0,0,0,0,0,0,0,0,0,0,0,0,0,0,0,0,0,0,0,0,0,0,0,0,0,0,0,0,0,0,0,0,0,0,0,0,0,0,0,0,0,0,0,0,0,0,0,0,0,0,0,0,0,0,0,0,0
Americas,Grenada,2868,0,0,0,0,34,0,26,0,5,198,77,0,0,0,9,0,0,0,0,0,0,120,46,7,0,0,0,0,0,0,0,116,0,1842,23,0,3,3,0,51,0,0,8,0,10,91,0,21,0,0,39,12,0,0,0,33
Oceania,Guam,0,0,0,0,0,0,0,0,0,0,0,0,0,0,0,0,0,0,0,0,0,0,0,0,0,0,0,0,0,0,0,0,0,0,0,0,0,0,0,0,0,0,0,0,0,0,0,0,0,0,0,0,0,0,0,0,0
Americas,Guatemala,43830,230,36,559,213,15599,361,649,92,97,3179,1073,0,7,82,1355,266,307,184,136,207,22,1313,1734,184,239,47,204,6,461,860,21,1914,133,2675,666,15,254,281,582,423,43,1083,190,105,358,2587,0,0,407,0,1383,466,9,75,14,415
Africa,Guinea,4798,38,0,22,0,54,32,59,18,18,21,292,0,0,0,64,100,34,6,19,0,0,350,141,73,102,7,24,0,0,3,4,166,0,1894,90,4,308,0,0,323,0,26,11,0,74,111,0,0,4,0,85,72,3,19,0,66
Africa,Guinea-Bissau,116,0,0,0,0,3,0,0,0,0,0,0,0,0,0,0,0,0,0,0,0,0,3,29,0,0,0,0,0,0,0,0,0,0,6,0,0,0,0,0,0,0,11,0,0,0,0,0,0,0,0,0,0,0,0,0,1
Americas,Guyana,23156,14,0,46,4,209,13,363,60,45,2033,609,0,3,3,69,16,4,12,14,21,0,604,171,34,302,3,37,0,4,27,3,1847,0,14957,164,0,114,5,3,310,3,7,75,0,55,278,0,25,0,0,210,40,0,4,0,257
Americas,Haiti,67632,70,0,91,0,361,64,1389,319,29,31039,1334,0,9,14,358,259,52,42,147,162,30,1006,8090,98,49,4,170,3,13,60,84,4885,6,12311,480,41,206,70,55,1677,14,276,152,0,147,333,8,110,74,3,363,114,11,32,3,870
Americas,Honduras,28277,96,16,199,103,3019,194,259,39,71,6226,750,0,13,22,460,293,98,122,108,1230,13,793,773,135,162,82,169,0,95,239,35,1644,49,2849,1134,3,185,99,122,300,39,51,284,14,336,3291,7,0,143,3,1265,195,12,123,0,283
Asia,Hong Kong,8522,17,0,71,7,3397,56,60,5,10,191,119,6,111,14,164,41,10,34,6,14,0,140,414,77,41,6,44,3,4,144,7,285,0,1352,108,0,84,10,67,142,0,7,29,0,26,421,0,4,60,0,103,425,6,35,0,71
Europe,Hungary,4322,9,0,72,6,672,81,85,0,19,912,72,0,27,8,99,34,0,3,22,5,3,76,90,53,38,0,32,3,4,98,12,251,4,528,100,0,105,4,43,94,0,3,36,0,40,186,0,0,16,3,92,100,0,30,3,45
Europe,Iceland,410,0,0,4,0,65,3,0,0,0,64,5,0,0,0,6,0,0,6,0,0,3,10,24,4,0,0,0,0,0,0,0,5,0,36,6,0,3,3,0,4,0,0,4,0,0,17,0,0,0,0,14,17,0,8,0,2
Asia,India,261924,1324,48,3197,820,54755,1761,3396,1005,205,7916,11188,4,92,185,15107,2778,956,1240,1019,758,147,6254,8043,5992,2614,537,2098,51,500,799,670,27473,347,14298,7971,82,5894,876,1637,9306,5,269,1735,96,2547,30220,7,23,562,119,10879,8090,186,1923,31,1871
Asia,Indonesia,8466,20,15,104,41,2984,268,42,3,16,279,260,0,42,26,153,49,29,27,36,49,12,198,137,80,74,11,40,3,12,117,146,207,14,583,112,0,146,56,112,434,0,0,35,3,66,621,4,0,43,3,178,409,3,34,7,69
Asia,Iran,46378,117,12,762,51,23693,367,177,26,133,1140,1143,0,23,96,851,160,68,157,174,90,23,1567,869,457,221,24,186,0,69,618,40,554,79,1384,506,11,388,263,466,377,3,34,112,7,328,4318,0,0,315,16,2096,1215,43,123,0,386
Asia,Iraq,63140,79,20,3114,39,12256,905,274,4,21,1286,732,0,3,444,3236,244,285,176,1011,161,571,569,1670,12958,825,3,796,4,955,311,174,291,198,1871,717,106,1368,188,709,964,0,65,92,61,1261,6240,0,0,625,51,2190,1770,20,465,0,731
Europe,Ireland,7286,11,4,81,7,1202,87,148,4,36,410,116,0,9,0,371,48,6,19,68,10,14,105,928,61,53,0,30,0,4,34,49,309,4,1435,157,0,77,6,93,282,0,41,60,0,43,247,0,0,7,6,151,200,0,57,0,105
Asia,Israel,13908,37,0,148,3,3308,121,106,0,40,1641,273,0,27,3,436,51,26,35,34,72,0,282,433,200,57,3,73,0,14,300,14,933,25,2760,166,0,236,24,82,289,3,4,93,0,85,670,0,3,15,9,167,281,4,52,0,204
Europe,Italy,13681,28,0,155,8,2119,145,366,25,96,1679,195,3,50,27,510,68,25,18,25,40,17,227,689,330,58,13,71,3,0,126,23,924,48,2597,290,3,249,30,95,545,30,83,96,0,54,483,18,0,64,5,342,224,16,79,0,200
Americas,Jamaica,80547,202,33,220,33,1263,212,4097,279,182,21991,4433,0,36,18,839,160,25,65,77,194,149,2658,2661,418,157,156,272,7,21,148,78,4761,28,25033,1023,34,537,168,68,2482,3,172,648,3,226,1541,44,43,46,67,1177,167,58,183,15,910
Asia,Japan,8893,29,16,134,16,2979,117,62,0,31,260,176,57,693,14,230,51,13,32,50,24,12,124,207,158,52,8,43,3,17,125,17,296,27,838,129,0,144,27,149,133,0,0,42,0,60,328,3,0,67,4,238,416,11,43,0,111
Asia,Jordan,13458,124,0,210,47,1810,102,81,14,16,829,188,0,6,3,1592,191,43,89,147,362,0,146,224,662,104,46,219,0,30,50,22,797,61,800,383,7,950,61,74,307,23,4,95,0,299,1213,0,31,28,0,431,134,10,206,0,146
Asia,Kazakhstan,4262,7,10,41,0,686,83,26,3,13,374,60,0,3,10,153,21,12,12,16,13,19,96,170,32,51,3,37,0,10,37,0,158,3,674,98,3,82,15,113,178,0,0,41,0,18,255,3,0,10,0,184,294,0,17,0,34
Africa,Kenya,22999,277,15,424,45,1557,323,110,285,62,499,1197,0,22,33,310,362,277,464,180,57,75,1065,1581,289,1967,30,642,0,141,122,105,807,71,633,861,89,676,232,176,675,0,28,154,23,302,3244,8,0,90,36,502,1329,16,164,7,330
Oceania,Kiribati,13,0,0,0,0,0,0,0,0,0,0,0,0,0,0,0,0,0,0,0,0,0,0,0,0,0,0,0,0,0,0,0,0,0,0,0,0,0,0,0,0,0,0,0,0,0,0,0,0,4,0,0,0,0,0,0,0
Asia,"Korea, North",103,0,0,0,0,19,6,0,0,0,3,6,0,0,0,5,0,0,0,0,0,0,0,0,0,0,0,0,0,0,0,0,0,0,0,0,0,0,0,0,0,0,0,0,0,0,0,0,0,0,0,15,0,0,0,0,1
Asia,"Korea, South",72669,818,187,595,88,22294,872,413,117,110,1161,4202,170,866,61,2574,357,131,207,191,141,42,2601,1340,1015,316,82,439,29,79,620,72,5352,114,6852,1120,15,699,394,599,1757,3,82,335,10,481,4254,114,40,254,19,3786,2965,23,209,15,971
Europe,Kosovo,2470,0,0,39,6,55,11,129,0,3,124,68,0,0,7,130,0,22,0,34,6,0,24,53,160,12,0,26,0,0,0,0,121,3,859,30,0,15,36,11,69,0,0,4,0,23,148,3,0,3,0,64,17,0,60,0,9
Asia,Kuwait,4207,41,0,74,13,566,32,31,9,5,218,93,0,0,8,266,55,21,26,47,76,46,73,153,239,55,5,48,0,0,18,6,185,7,252,119,0,182,19,40,105,0,0,28,0,81,518,0,0,36,0,171,91,0,43,0,48
Asia,Kyrgyzstan,2248,0,9,12,0,296,25,8,0,7,120,32,0,0,6,230,7,3,9,7,9,0,48,94,0,40,0,20,0,0,18,0,58,0,365,39,0,69,3,68,108,0,3,34,0,8,92,0,0,5,0,83,183,0,9,0,26
Asia,Laos,9759,41,96,66,229,2252,107,94,0,0,208,270,0,64,36,129,26,187,158,16,40,10,33,134,174,1736,0,59,3,30,79,32,16,11,82,450,0,115,118,218,114,0,131,57,3,323,330,0,0,74,0,83,277,0,908,0,99
Europe,Latvia,1583,0,8,18,0,236,30,21,3,4,171,40,0,0,0,121,7,0,0,0,0,0,40,67,24,18,0,11,0,0,4,3,68,0,223,36,0,36,6,16,39,0,0,13,0,8,41,0,0,7,0,49,74,0,37,0,12
Asia,Lebanon,11102,38,0,145,3,1895,49,86,0,43,658,175,0,8,0,230,70,29,48,42,60,0,112,784,2678,90,0,60,0,6,64,46,299,10,581,167,3,436,72,58,195,0,52,65,0,79,914,0,0,34,0,365,138,5,30,5,111
Africa,Lesotho,42,0,0,0,0,0,0,0,0,0,0,0,0,0,0,3,0,0,0,0,0,0,3,0,0,0,0,0,0,0,0,0,0,0,4,0,0,0,0,0,0,0,0,0,0,0,0,0,0,0,0,0,0,0,0,0,0
Africa,Liberia,13958,31,3,224,6,260,101,80,200,24,131,634,0,0,4,156,167,468,18,145,19,0,1041,510,161,1728,0,152,0,21,39,41,966,0,714,596,312,349,63,42,2307,0,527,70,129,94,681,0,0,35,0,310,75,14,56,0,204
Africa,Libya,1481,4,0,34,0,184,64,31,0,0,88,47,0,0,7,37,18,16,3,13,3,0,9,37,53,11,0,24,0,5,9,0,50,0,77,45,0,83,18,27,41,0,0,8,0,17,144,0,0,13,4,61,56,7,21,0,19
Europe,Liechtenstein,0,0,0,0,0,0,0,0,0,0,0,0,0,0,0,0,0,0,0,0,0,0,0,0,0,0,0,0,0,0,0,0,0,0,0,0,0,0,0,0,0,0,0,0,0,0,0,0,0,0,0,0,0,0,0,0,0
Europe,Lithuania,3323,0,0,24,0,257,62,59,4,0,305,95,0,3,0,1230,28,3,3,0,0,9,47,110,47,24,0,5,0,0,32,3,156,0,267,47,0,56,0,5,73,0,5,28,0,19,51,0,0,5,0,68,36,0,25,0,23
Europe,Luxembourg,95,0,0,0,0,6,0,0,0,0,8,0,0,0,0,0,0,0,0,0,0,0,0,0,0,0,0,0,0,0,0,0,0,0,12,0,0,0,0,0,0,0,0,0,0,0,7,0,0,0,0,0,0,0,0,0,0
Asia,Macau,403,0,0,0,0,202,3,0,0,0,0,0,0,8,0,0,0,0,0,0,0,0,0,10,0,0,0,0,0,0,11,0,0,0,52,0,0,0,0,0,0,0,0,0,0,0,22,0,0,3,0,0,11,0,0,0,3
Europe,Macedonia,1955,0,29,19,0,72,10,96,0,0,125,13,0,0,0,243,102,10,0,0,0,0,5,28,165,0,4,17,0,0,19,3,418,0,280,10,0,69,0,7,24,3,0,4,0,0,36,0,0,0,0,38,10,0,46,0,6
Africa,Madagascar,299,0,0,0,0,34,3,0,0,0,16,7,0,0,0,5,0,0,0,0,0,0,33,0,0,9,0,0,0,0,0,0,11,0,27,0,0,3,0,0,0,0,0,5,0,3,7,0,0,3,0,42,6,0,0,0,5
Africa,Malawi,504,6,0,0,0,36,0,0,0,0,13,26,0,0,0,15,50,0,3,3,0,3,37,11,36,7,0,4,0,0,0,0,10,0,15,18,0,14,4,0,7,0,0,0,0,4,56,0,0,0,0,13,9,0,3,0,2
Asia,Malaysia,6095,32,0,95,16,1437,78,42,0,4,186,217,0,38,21,189,45,34,54,29,27,3,102,137,93,104,11,67,0,14,52,15,214,11,1020,115,0,93,79,62,117,0,7,21,0,49,575,0,0,29,6,161,221,3,50,0,48
Asia,Maldives,7,0,0,0,0,0,0,0,0,0,0,0,0,0,0,0,0,0,0,0,0,0,0,0,0,0,0,0,0,0,0,0,0,0,0,0,0,0,0,0,0,0,0,0,0,0,0,0,0,0,0,0,0,0,0,0,0
Africa,Mali,2081,0,0,0,0,33,42,3,0,4,24,75,0,0,0,33,42,7,3,0,9,0,206,8,32,10,0,10,0,3,0,0,50,0,747,64,0,95,3,0,245,0,13,3,0,26,106,0,0,9,0,22,29,0,9,0,20
Europe,Malta,227,0,0,0,0,34,0,0,0,0,17,3,5,0,0,3,0,0,0,0,0,0,0,0,21,0,0,0,0,0,0,0,12,0,46,3,0,0,0,0,0,0,0,0,0,0,0,0,0,0,0,0,3,0,0,0,0
Oceania,Marshall Islands,92,0,0,0,0,3,0,0,0,0,3,3,0,9,0,0,0,0,0,0,0,0,0,0,0,0,0,0,0,0,0,0,0,0,0,0,0,0,0,0,0,0,0,4,0,0,7,0,0,0,0,3,3,0,0,0,4
Africa,Mauritania,1370,0,0,10,0,4,41,3,0,0,0,24,0,0,0,30,31,0,0,67,57,0,28,7,10,0,0,15,0,0,0,0,5,0,289,4,11,415,0,0,64,0,4,0,0,65,29,0,0,0,0,45,10,0,0,0,11
Africa,Mauritius,320,0,0,6,0,48,0,5,0,0,29,4,0,0,0,0,0,0,0,0,0,0,11,6,0,0,0,0,0,0,0,0,11,0,34,3,0,4,0,0,5,0,0,0,0,0,24,0,0,0,0,26,4,0,0,0,0
Americas,Mexico,560453,1553,298,28864,3115,210546,10574,1083,648,183,13726,9894,4,274,3103,26289,4672,2610,4570,1273,1260,103,1762,1217,4186,3004,777,2339,146,2722,11318,194,3615,9447,7696,7996,144,2258,4866,7758,2596,276,206,2151,155,3339,126585,59,6,5292,32,3099,11535,149,3921,341,4605
Oceania,"Micronesia, Federated States",219,0,0,0,0,12,0,0,0,0,3,27,8,18,0,3,0,0,0,0,4,0,0,0,0,0,0,0,0,0,0,0,0,0,0,0,0,0,0,9,0,0,0,16,0,0,24,0,0,0,0,3,3,0,0,0,6
Europe,Moldova,8315,80,59,67,11,1333,116,48,13,7,710,272,0,10,11,757,46,3,8,5,78,13,126,434,43,212,3,107,5,4,129,17,127,5,656,311,13,136,17,301,211,0,0,74,0,92,196,0,0,24,60,181,1000,0,32,23,61
Europe,Monaco,19,0,0,0,0,0,0,0,0,0,0,0,0,0,0,0,0,0,0,0,0,0,0,0,0,0,0,0,0,0,0,0,0,0,0,0,0,0,0,0,0,0,0,0,0,0,0,0,0,0,0,0,0,0,0,0,0
Asia,Mongolia,2288,0,0,14,0,744,145,3,0,0,44,6,0,3,3,359,28,0,0,4,0,0,45,10,7,8,0,17,0,3,19,0,25,0,47,18,3,15,3,9,24,0,0,3,0,5,37,0,0,45,0,324,120,0,26,0,14
Europe,Montenegro,1030,0,0,3,0,37,0,13,0,0,25,0,0,0,0,62,0,0,0,0,0,0,0,7,161,0,0,0,0,0,4,0,54,0,562,5,0,0,0,0,4,0,0,0,0,0,9,0,0,0,0,0,3,0,0,0,2
Americas,Montserrat,229,0,0,0,0,0,0,0,0,0,29,6,0,0,0,0,0,0,0,0,0,0,0,64,0,3,0,0,0,0,0,0,5,0,61,0,0,0,0,0,0,0,0,0,0,0,0,0,6,0,0,0,0,0,0,0,0
Africa,Morocco,14875,50,0,114,31,832,224,317,59,75,1650,322,0,0,11,512,133,47,39,118,58,3,316,1895,174,133,34,65,5,23,70,41,863,31,1652,624,0,477,136,58,812,3,79,118,8,106,678,3,0,24,8,1401,165,16,86,0,123
Africa,Mozambique,227,0,0,0,0,23,0,4,0,0,17,6,0,0,0,0,0,0,0,0,0,0,14,3,0,0,0,0,0,0,0,0,21,0,20,11,0,0,0,0,0,0,0,0,0,0,18,0,0,0,0,7,3,0,0,0,2
Africa,Namibia,189,0,0,0,0,18,0,0,0,0,13,9,0,0,0,0,3,0,0,0,0,0,8,0,6,0,0,3,0,0,0,0,0,0,4,4,0,0,0,0,7,0,0,0,0,0,4,0,0,0,0,4,3,0,0,0,0
Oceania,Nauru,0,0,0,0,0,0,0,0,0,0,0,0,0,0,0,0,0,0,0,0,0,0,0,0,0,0,0,0,0,0,0,0,0,0,0,0,0,0,0,0,0,0,0,0,0,0,0,0,0,0,0,0,0,0,0,0,0
Asia,Nepal,28067,108,22,228,47,2773,998,284,42,15,322,563,0,56,92,513,105,279,191,463,110,4,1608,1372,320,438,20,248,3,288,73,329,356,44,3247,787,90,1893,186,189,1313,0,58,127,109,205,3812,3,3,190,150,2161,553,34,203,11,402
Europe,Netherlands,3999,18,0,92,3,686,106,51,0,13,411,129,0,10,21,110,33,23,10,14,30,19,63,160,123,48,6,29,16,6,35,14,107,20,251,112,0,89,16,80,113,0,6,51,5,42,325,3,0,31,11,139,141,3,51,0,43
Europe,Netherlands Antilles (former),239,0,0,0,0,12,0,0,0,0,69,10,0,0,0,0,0,0,0,0,0,0,0,8,0,0,0,0,0,0,0,0,8,0,41,0,0,0,0,0,3,0,0,0,0,0,17,0,4,0,0,0,0,0,0,0,2
Oceania,New Caledonia,10,0,0,0,0,0,0,0,0,0,0,0,0,0,0,0,0,0,0,0,0,0,0,0,0,0,0,0,0,0,0,0,0,0,0,0,0,0,0,0,0,0,0,0,0,0,0,0,0,0,0,0,0,0,0,0,0
Oceania,New Zealand,2855,12,14,64,13,664,144,28,3,8,136,42,0,49,18,61,17,16,0,12,11,18,45,96,36,40,3,40,13,0,47,16,42,7,172,61,0,40,12,67,61,0,0,15,0,35,186,0,0,87,0,76,175,0,29,3,34
Americas,Nicaragua,20941,39,6,113,41,4135,70,99,6,50,10163,317,0,4,16,121,108,43,33,35,271,0,494,111,45,65,37,68,0,25,246,0,526,24,707,358,0,91,35,62,133,41,12,85,3,109,1118,0,0,50,0,423,125,0,78,3,147
Africa,Niger,631,0,0,0,11,6,3,0,0,0,3,12,0,0,0,0,53,0,0,0,0,0,68,6,8,0,0,0,0,4,0,0,6,0,116,101,0,31,0,0,87,0,0,0,0,0,6,0,0,0,0,6,0,0,0,0,7
Africa,Nigeria,45920,200,28,384,88,3105,276,358,207,264,1212,3395,0,17,15,2210,1169,108,182,142,220,36,5478,1320,663,893,72,502,4,80,162,82,2349,65,3793,1099,81,864,388,135,1183,0,267,249,10,492,9870,19,0,69,14,911,333,46,237,7,540
Oceania,Niue,0,0,0,0,0,0,0,0,0,0,0,0,0,0,0,0,0,0,0,0,0,0,0,0,0,0,0,0,0,0,0,0,0,0,0,0,0,0,0,0,0,0,0,0,0,0,0,0,0,0,0,0,0,0,0,0,0
Europe,North Macedonia,577,0,0,11,0,24,6,21,0,0,38,3,0,0,0,94,32,6,4,0,0,0,0,11,26,0,0,4,0,0,9,3,88,0,63,9,0,24,3,0,5,0,0,4,0,3,21,0,0,0,3,18,8,0,17,0,7
Europe,North Macedonia (formerly Macedonia),800,0,12,4,0,21,6,32,0,0,79,0,0,0,0,136,54,5,5,0,0,3,5,14,52,0,0,10,0,0,7,4,125,0,103,4,0,17,3,4,4,0,4,0,0,4,26,0,0,0,0,10,0,0,19,0,12
Oceania,Northern Mariana Islands,0,0,0,0,0,0,0,0,0,0,0,0,0,0,0,0,0,0,0,0,0,0,0,0,0,0,0,0,0,0,0,0,0,0,0,0,0,0,0,0,0,0,0,0,0,0,0,0,0,0,0,0,0,0,0,0,0
Europe,Norway,627,3,0,15,0,88,31,0,0,0,71,16,0,0,0,5,4,3,3,0,3,0,10,20,3,11,0,0,7,0,12,0,14,0,21,15,0,5,0,10,12,0,0,0,0,15,62,0,0,5,0,8,38,0,0,0,10
Asia,Oman,266,0,0,3,0,45,0,0,0,0,3,6,0,0,0,11,0,0,0,3,0,0,3,3,3,3,0,0,0,0,0,0,12,0,10,0,0,0,0,0,8,0,0,0,0,0,50,0,0,0,0,15,0,0,0,0,3
Asia,Pakistan,55363,224,16,300,140,6279,190,926,214,76,1878,1614,0,38,23,3757,442,127,262,175,314,23,2437,1181,1302,395,49,487,7,60,242,103,3603,86,9251,1153,13,752,370,150,1577,0,105,141,12,327,8769,0,0,190,7,3921,756,54,337,12,469
Oceania,Palau,158,0,0,3,0,21,3,0,0,0,3,3,10,6,0,0,0,0,0,0,0,0,0,0,0,0,0,0,0,0,0,0,0,0,0,0,0,0,0,3,0,0,0,0,0,0,7,0,0,0,0,3,7,0,0,0,4
Americas,Panama,6382,49,0,72,22,526,50,27,13,14,1414,343,0,11,4,101,47,14,28,32,73,0,170,121,53,28,34,41,0,12,60,9,189,15,997,220,0,74,31,22,101,58,6,81,0,82,618,0,0,46,3,232,71,0,33,3,58
Oceania,Papua New Guinea,88,0,0,0,0,13,0,0,0,0,4,0,0,0,0,0,0,0,0,0,0,0,0,0,0,0,0,0,0,0,0,0,0,0,3,0,0,3,0,0,0,0,0,0,0,0,3,0,0,0,0,0,0,0,0,0,0
Americas,Paraguay,1805,3,0,7,4,118,18,47,4,12,297,24,0,0,0,4,0,4,15,0,0,0,102,20,4,0,0,3,0,0,0,0,165,7,570,24,0,0,0,12,23,6,0,4,0,0,75,0,0,24,0,52,16,0,0,0,20
Americas,Peru,48185,118,55,358,84,6426,582,1384,59,153,11138,1099,0,56,115,661,231,58,134,132,93,33,1540,798,192,182,52,199,15,77,465,58,6264,97,5159,908,3,458,207,234,615,130,94,267,15,193,2105,5,0,970,34,2643,470,66,185,21,472
Asia,Philippines,194014,711,1693,3108,503,75834,1180,1028,337,220,8322,1840,2818,8972,402,8281,1275,477,759,600,723,185,4416,1334,1867,1075,384,1266,197,313,8008,252,7832,679,9263,2308,158,1754,808,1528,2043,14,215,1208,131,1012,10549,213,576,653,61,4929,6590,195,794,125,1956
Europe,Pitcairn Islands,0,0,0,0,0,0,0,0,0,0,0,0,0,0,0,0,0,0,0,0,0,0,0,0,0,0,0,0,0,0,0,0,0,0,0,0,0,0,0,0,0,0,0,0,0,0,0,0,0,0,0,0,0,0,0,0,0
Europe,Poland,31034,44,17,289,11,1346,306,1830,38,36,1435,231,0,37,20,9846,152,24,14,37,37,41,256,871,655,103,14,108,15,14,193,68,3723,39,5425,296,20,286,41,82,924,0,100,132,3,106,510,6,0,58,20,328,320,13,232,0,238
Europe,Portugal,8296,6,0,29,3,815,12,445,3,12,336,48,0,3,21,26,6,3,0,0,3,0,116,2219,22,12,4,9,0,0,20,54,2013,0,731,41,0,6,0,7,160,0,597,29,0,10,90,0,0,4,0,142,37,0,0,0,94
Americas,Puerto Rico,0,0,0,0,0,0,0,0,0,0,0,0,0,0,0,0,0,0,0,0,0,0,0,0,0,0,0,0,0,0,0,0,0,0,0,0,0,0,0,0,0,0,0,0,0,0,0,0,0,0,0,0,0,0,0,0,0
Asia,Qatar,510,0,0,3,0,70,0,0,0,0,25,16,0,0,0,26,0,0,0,0,0,0,9,6,42,0,0,7,0,0,0,0,20,0,36,9,0,15,0,0,9,0,0,0,0,4,76,0,0,0,0,36,6,0,0,0,1
Oceania,Republic of Nauru,0,0,0,0,0,0,0,0,0,0,0,0,0,0,0,0,0,0,0,0,0,0,0,0,0,0,0,0,0,0,0,0,0,0,0,0,0,0,0,0,0,0,0,0,0,0,0,0,0,0,0,0,0,0,0,0,0
Europe,Romania,15416,61,19,548,49,2058,187,207,43,46,1477,717,0,29,68,1494,145,47,33,38,86,30,281,357,880,81,21,98,11,29,222,63,475,38,1200,347,17,483,27,356,413,0,24,166,6,158,747,0,0,44,9,461,736,22,96,15,124
Europe,Russia,30814,113,139,243,44,5550,614,312,52,91,2893,632,3,79,107,1086,163,86,94,122,79,76,722,1279,370,382,20,239,37,59,307,75,1457,53,4677,600,18,557,153,635,1059,4,51,370,12,225,1229,8,3,157,36,880,1942,28,240,11,316
Africa,Rwanda,1855,0,0,106,0,62,41,6,0,0,20,36,0,0,24,69,38,46,6,59,0,76,45,64,91,13,0,29,0,0,3,35,10,0,96,55,22,110,3,22,62,0,0,10,0,42,315,0,0,64,3,28,45,0,11,0,20
Africa,Saint Helena,0,0,0,0,0,0,0,0,0,0,0,0,0,0,0,0,0,0,0,0,0,0,0,0,0,0,0,0,0,0,0,0,0,0,0,0,0,0,0,0,0,0,0,0,0,0,0,0,0,0,0,0,0,0,0,0,0
Americas,Saint Kitts and Nevis,1489,3,0,0,0,17,0,25,6,0,275,73,0,0,0,10,0,0,0,0,0,0,34,50,3,0,0,3,0,0,0,0,54,0,332,37,0,0,0,0,26,13,4,3,0,3,57,0,311,0,0,34,0,0,0,0,35
Americas,Saint Lucia,3424,3,0,7,0,52,6,161,3,6,427,116,0,0,0,18,6,0,6,0,23,0,85,85,5,3,0,0,0,0,0,0,153,0,1489,40,0,21,5,0,54,0,0,12,0,0,165,0,277,0,0,42,3,0,10,0,42
Americas,Saint Vincent and the Grenadines,2299,0,0,3,0,36,3,12,0,0,185,59,0,0,0,3,6,0,0,0,6,0,44,62,0,0,0,0,0,0,0,0,96,0,1413,28,0,3,0,0,103,0,0,8,0,3,28,0,30,0,0,31,0,0,0,0,29
Oceania,Samoa,922,0,45,8,0,268,0,0,0,0,9,8,0,130,0,3,0,0,0,0,0,0,3,0,0,0,0,17,0,0,25,0,3,0,0,0,0,0,0,16,0,0,0,0,0,3,16,0,0,137,0,3,141,0,0,0,10
Europe,San Marino,0,0,0,0,0,0,0,0,0,0,0,0,0,0,0,0,0,0,0,0,0,0,0,0,0,0,0,0,0,0,0,0,0,0,0,0,0,0,0,0,0,0,0,0,0,0,0,0,0,0,0,0,0,0,0,0,0
Africa,Sao Tome and Principe,30,0,0,0,0,0,0,0,0,0,0,0,0,0,0,0,0,0,0,0,0,0,0,3,0,0,0,0,0,0,0,0,0,0,0,0,0,0,0,0,0,0,0,0,0,0,0,0,0,0,0,0,0,0,0,0,0
Asia,Saudi Arabia,5042,17,0,68,6,741,55,42,0,14,278,114,0,0,0,374,54,36,35,21,16,5,120,106,271,155,6,62,0,15,27,4,227,8,390,125,0,186,31,56,117,0,6,20,0,53,583,0,0,19,0,298,115,0,33,0,61
Africa,Senegal,4397,25,0,17,0,139,57,31,6,40,86,260,0,0,0,63,77,15,6,97,18,0,326,117,116,33,6,45,0,3,21,0,162,0,1044,166,0,460,20,11,98,0,126,29,0,94,214,0,0,3,0,111,75,6,31,0,69
Europe,Serbia,3002,0,9,71,0,369,38,23,0,8,351,52,0,4,5,591,38,10,3,7,6,7,63,65,77,16,0,29,0,0,67,7,112,0,343,35,0,74,4,15,82,0,0,8,0,18,113,0,0,6,0,87,49,0,49,0,13
Europe,Serbia and Montenegro (former),4103,3,3,91,0,387,39,95,0,24,260,71,0,4,6,397,50,25,3,30,4,3,54,80,356,36,0,61,0,3,49,38,210,5,975,41,6,105,4,12,96,0,0,11,0,27,110,0,0,11,0,66,63,0,52,0,57
Africa,Seychelles,56,0,0,0,0,0,0,0,0,0,0,0,0,0,0,0,0,0,0,0,0,0,4,0,0,0,0,0,0,0,0,0,0,0,0,0,0,0,0,0,0,0,0,0,0,0,0,0,0,0,0,0,0,0,0,0,1
Africa,Sierra Leone,7090,10,3,74,0,293,30,21,62,57,101,241,0,0,0,46,42,27,3,4,0,0,1530,235,90,142,0,44,0,0,12,3,432,3,732,204,28,425,15,18,644,0,6,19,0,31,354,0,0,13,0,816,82,6,13,0,114
Asia,Singapore,1533,9,0,18,0,439,26,16,0,0,59,24,0,9,0,40,7,0,0,0,0,0,27,60,12,12,0,7,0,0,14,7,72,0,140,23,0,10,8,22,36,0,3,7,0,16,147,0,0,8,0,38,96,0,7,0,12
Americas,Sint Maarten,76,0,0,0,0,0,0,0,0,0,20,0,0,0,0,0,0,0,0,0,0,0,0,0,0,0,0,0,0,0,0,0,0,0,16,0,0,0,0,0,3,0,0,0,0,0,0,0,6,0,0,0,0,0,0,0,0
Europe,Slovakia,1913,0,0,16,0,200,43,57,0,3,217,37,0,5,0,126,6,0,0,0,0,4,36,43,29,14,0,3,0,0,17,0,320,3,272,45,0,34,3,12,66,0,0,15,0,9,62,0,0,6,0,44,22,0,12,0,17
Europe,Slovenia,308,0,0,0,0,52,0,4,0,0,29,0,0,0,0,12,0,0,0,0,0,0,0,0,0,0,0,3,0,0,0,0,9,0,43,0,0,0,0,0,6,0,0,0,0,5,12,0,0,0,0,0,10,0,0,0,1
Oceania,Solomon Islands,6,0,0,0,0,0,0,0,0,0,0,0,0,0,0,0,0,0,0,0,0,0,0,0,0,0,0,0,0,0,0,0,0,0,0,0,0,0,0,0,0,0,0,0,0,0,0,0,0,0,0,0,0,0,0,0,0
Africa,Somalia,24350,3,79,367,0,439,580,17,0,4,33,301,0,0,93,253,98,320,361,684,0,421,59,420,190,9181,0,612,0,847,30,45,0,4,532,143,368,2933,7,455,182,0,0,0,104,452,728,0,0,258,96,266,1410,0,525,9,394
Africa,South Africa,11411,81,12,230,55,1766,370,153,8,45,1277,616,0,36,43,282,102,63,77,96,55,39,211,288,175,151,32,123,24,48,90,34,317,40,593,525,31,201,63,175,257,0,33,200,24,225,1046,6,0,146,15,371,337,22,81,3,86
Africa,South Sudan,531,0,0,20,0,10,4,0,0,0,3,7,0,0,0,0,0,85,4,6,0,10,0,14,10,23,0,12,0,74,0,0,0,0,12,7,6,0,0,0,9,0,0,0,10,20,42,0,0,8,0,6,21,0,0,0,0
Europe,Soviet Union (former),10512,36,43,108,12,1937,179,127,23,35,858,212,0,17,21,482,65,41,33,44,44,24,281,528,140,164,4,90,12,28,95,67,600,22,1438,199,6,202,20,159,394,0,9,76,4,79,414,0,0,48,21,309,519,12,100,0,75
Europe,Spain,8120,27,3,96,15,1212,119,118,6,80,1609,138,0,19,14,268,49,29,19,28,30,16,185,306,107,61,5,65,6,13,52,19,521,28,877,131,0,99,13,67,168,135,16,80,0,35,541,7,0,72,3,236,173,0,64,0,81
Asia,Sri Lanka,7090,13,4,64,6,1643,58,109,6,8,223,156,0,12,9,204,63,23,72,42,26,4,443,198,134,103,11,32,0,18,110,10,427,8,1099,135,8,148,30,63,145,0,9,34,0,35,566,0,0,45,6,225,141,3,52,0,56
Africa,Sudan,9015,30,75,324,4,402,314,61,3,35,195,227,0,0,60,263,116,615,110,90,19,80,261,165,230,228,11,188,0,462,51,48,113,0,672,413,64,253,24,25,314,0,0,44,73,205,727,0,0,170,9,735,280,8,68,0,117
Americas,Suriname,744,0,0,0,0,27,0,9,0,0,173,18,0,0,0,0,0,0,0,0,3,0,3,11,0,0,0,0,0,0,0,0,41,0,315,11,0,0,0,0,12,0,0,0,0,0,30,0,0,0,0,6,0,0,0,0,8
Africa,Swaziland,24,0,0,0,0,0,0,0,0,0,0,0,0,0,0,0,0,0,0,0,0,0,0,0,0,0,0,0,0,0,0,0,0,0,0,0,0,0,0,0,0,0,0,0,0,0,0,0,0,0,0,0,0,0,0,0,0
Europe,Sweden,3967,10,15,69,4,997,108,82,0,28,374,99,0,33,21,96,22,3,10,10,13,16,57,144,66,54,3,23,0,0,32,19,131,5,351,131,0,52,8,67,83,0,8,30,0,38,206,0,0,49,12,98,124,0,34,3,42
Europe,Switzerland,1997,6,10,42,0,412,55,38,0,7,230,38,0,18,4,49,3,3,3,0,0,0,24,80,32,22,0,13,6,0,14,4,81,14,214,42,0,25,4,33,46,0,4,15,5,17,113,0,0,16,9,56,54,0,16,0,24
Asia,Syria,12126,45,0,205,18,3343,48,191,9,19,788,163,0,0,8,972,123,31,66,53,32,7,153,410,759,60,19,79,0,32,66,11,751,3,613,148,8,476,77,85,587,0,86,46,0,88,719,0,0,27,0,309,95,62,75,0,108
Asia,Taiwan,21013,47,11,177,33,9488,173,129,33,18,419,335,28,133,43,428,133,30,75,50,35,8,409,497,267,117,11,141,3,23,295,48,748,48,1753,297,3,208,69,283,295,0,15,77,0,106,1658,5,3,157,0,352,983,10,92,3,166
Asia,Tajikistan,1310,0,0,4,0,122,82,5,0,0,47,12,0,0,0,34,0,0,3,0,0,0,18,8,0,20,0,17,0,60,6,0,72,0,397,13,0,4,0,26,64,0,0,8,0,0,41,0,0,3,0,82,40,0,4,0,19
Africa,Tanzania,3008,31,0,50,7,198,20,19,15,20,161,107,0,0,15,109,35,98,78,33,0,0,165,138,86,67,3,52,0,15,4,15,79,25,160,76,3,153,11,17,82,0,4,31,26,63,410,0,0,15,3,83,81,3,20,0,46
Asia,Thailand,27457,144,189,468,112,5956,474,232,22,25,1446,589,19,249,115,775,464,427,194,291,107,90,417,817,353,1844,52,247,36,459,584,78,290,60,1546,765,22,408,175,485,447,3,83,178,144,276,1668,30,11,268,43,862,952,33,1013,13,392
Asia,Timor-Leste,0,0,0,0,0,0,0,0,0,0,0,0,0,0,0,0,0,0,0,0,0,0,0,0,0,0,0,0,0,0,0,0,0,0,0,0,0,0,0,0,0,0,0,0,0,0,0,0,0,0,0,0,0,0,0,0,0
Africa,Togo,4880,26,0,67,0,94,70,119,14,52,73,315,0,0,0,415,73,234,26,42,9,0,579,83,27,257,3,69,0,227,5,6,119,0,588,211,7,144,8,6,150,0,0,51,10,44,197,3,0,23,0,214,36,0,42,0,79
Oceania,Tonga,1572,0,36,40,0,703,6,0,0,0,9,0,0,143,8,0,0,0,0,0,0,0,0,0,0,0,0,0,0,0,37,0,0,0,0,0,0,4,0,29,0,0,0,0,0,0,62,0,0,308,0,4,101,0,0,3,18
Global,Total,3694073,12316,5130,63857,9716,733756,41859,42183,6966,8840,429017,96469,3453,16462,8680,127720,30604,17615,17048,18179,14772,4932,89165,120403,66177,50863,4888,24591,1713,14362,42976,7784,177890,15064,402904,70579,3569,60015,18116,32425,85083,9271,12985,20520,3518,28703,343799,1167,3241,20915,3047,101190,86909,2438,20953,1274,36002
Americas,Trinidad and Tobago,21368,39,3,68,5,424,35,259,65,112,3609,761,0,6,3,101,71,3,14,34,77,0,984,624,96,54,31,30,0,0,53,12,1397,15,9222,303,10,115,52,40,726,4,32,129,0,87,866,0,48,6,0,344,68,17,33,3,203
Africa,Tunisia,1690,6,0,10,0,275,19,16,0,12,200,39,0,0,0,59,26,3,3,0,13,0,59,44,44,23,0,15,3,0,15,0,50,6,175,30,0,50,3,4,105,0,0,7,0,23,96,0,0,0,0,106,26,0,14,0,14
Asia,Turkey,15178,65,11,149,53,1998,128,321,88,63,1100,377,0,7,4,560,114,39,40,38,92,12,381,584,150,100,16,110,5,17,107,43,2038,26,2389,247,3,308,55,99,515,3,46,90,0,107,1154,7,0,35,0,665,321,14,90,6,134
Asia,Turkmenistan,653,0,0,3,0,88,3,0,0,0,50,5,0,0,0,34,0,0,0,0,0,0,10,18,4,0,0,0,0,0,11,0,24,0,140,7,0,4,0,0,24,0,0,0,0,0,35,0,0,7,0,25,31,0,25,0,7
Americas,Turks and Caicos Islands,153,0,0,0,0,0,0,0,0,0,88,0,0,0,0,0,0,0,0,0,0,0,0,0,0,0,0,0,0,0,0,0,0,0,9,0,0,0,0,0,0,0,0,0,0,0,0,0,0,0,0,0,0,0,0,0,0
Oceania,Tuvalu,0,0,0,0,0,0,0,0,0,0,0,0,0,0,0,0,0,0,0,0,0,0,0,0,0,0,0,0,0,0,0,0,0,0,0,0,0,0,0,0,0,0,0,0,0,0,0,0,0,0,0,0,0,0,0,0,0
Africa,Uganda,3917,12,0,43,3,425,115,35,0,25,86,113,0,0,0,121,37,22,12,27,6,16,309,973,57,109,0,27,0,15,4,7,100,0,116,64,3,91,46,23,103,0,4,26,5,37,264,0,0,14,0,120,131,0,27,0,57
Europe,Ukraine,35471,73,121,190,45,5146,417,511,40,43,1845,540,0,59,157,2884,188,99,68,170,74,35,493,898,800,433,22,378,41,115,170,62,1482,44,5302,666,20,1068,104,1528,1781,0,27,558,78,236,718,3,0,103,3,587,4454,11,206,11,337
Asia,United Arab Emirates,2765,12,0,35,3,449,14,33,0,0,138,75,0,0,0,169,24,13,27,11,8,4,71,64,157,62,0,25,0,0,4,4,136,0,214,58,0,79,24,21,76,0,0,3,0,12,417,0,0,5,0,132,61,0,22,0,10
Europe,United Kingdom,50178,249,70,949,136,8751,1255,1019,81,224,5281,1660,9,125,154,1407,523,147,199,224,221,210,924,2136,1160,502,84,356,89,93,458,344,1842,180,4271,1638,6,890,231,747,1524,9,158,664,19,508,4018,34,17,360,123,1437,1483,76,368,34,480
Americas,United States,638,3,0,3,0,131,0,3,0,3,60,21,0,3,0,11,0,0,0,0,0,0,26,15,8,3,0,0,0,0,6,3,35,0,73,17,0,5,0,4,9,0,0,0,0,0,50,0,0,5,0,26,7,0,0,0,5
NA,Unknown,1493,4,1,20,4,233,11,8,2,1,191,24,0,10,3,56,14,5,7,5,17,1,35,61,38,10,2,13,0,6,3,8,88,13,116,36,2,40,1,8,25,6,8,11,0,9,112,0,2,5,0,31,12,1,7,0,149
Americas,Uruguay,5055,6,0,36,0,253,19,103,0,13,1614,295,0,0,0,60,18,3,3,7,11,0,73,243,20,24,5,10,0,0,35,21,795,3,411,124,0,27,0,10,92,31,0,64,0,23,204,0,0,89,0,125,27,0,29,0,54
Asia,Uzbekistan,8147,5,3,118,0,894,112,68,0,10,456,211,0,0,69,251,30,7,29,134,4,0,183,174,65,51,0,134,0,9,26,9,222,0,2608,142,0,395,15,141,481,0,4,94,0,89,180,0,0,30,0,226,276,0,22,0,99
Oceania,Vanuatu,8,0,0,0,0,0,0,0,0,0,0,0,0,0,0,0,0,0,0,0,0,0,0,0,0,0,0,0,0,0,0,0,0,0,0,0,0,0,0,0,0,0,0,0,0,0,0,0,0,0,0,0,0,0,0,0,0
Americas,Venezuela,38578,125,18,187,55,1482,279,280,34,81,20231,1154,0,20,16,412,218,49,84,110,199,11,378,630,229,135,46,131,4,52,142,27,891,49,1722,686,0,350,231,103,477,471,85,231,0,269,4599,7,6,320,3,562,242,15,121,5,276
Asia,Vietnam,113604,772,67,1891,501,35467,1609,503,115,61,5147,4478,20,516,124,1744,613,819,1106,366,1962,164,1715,3702,1382,2023,460,1227,57,751,795,181,1296,353,1718,3023,113,1076,1404,2175,3107,0,77,758,52,1016,16678,10,6,638,76,3206,5066,85,359,17,934
Americas,"Virgin Islands, British",246,0,0,0,0,0,0,4,0,0,62,12,0,0,0,0,0,0,0,0,0,0,6,3,0,0,0,0,0,0,0,0,3,0,37,0,0,0,0,0,0,0,0,0,0,0,4,0,65,0,0,0,0,0,0,0,6
Americas,"Virgin Islands, U.S.",0,0,0,0,0,0,0,0,0,0,0,0,0,0,0,0,0,0,0,0,0,0,0,0,0,0,0,0,0,0,0,0,0,0,0,0,0,0,0,0,0,0,0,0,0,0,0,0,0,0,0,0,0,0,0,0,0
Africa,Western Sahara,0,0,0,0,0,0,0,0,0,0,0,0,0,0,0,0,0,0,0,0,0,0,0,0,0,0,0,0,0,0,0,0,0,0,0,0,0,0,0,0,0,0,0,0,0,0,0,0,0,0,0,0,0,0,0,0,0
Asia,Yemen,9146,142,0,7,29,1352,5,110,40,0,47,23,0,0,0,302,101,4,3,5,127,0,35,13,2482,73,137,18,0,0,0,0,67,8,2770,396,0,56,3,27,53,0,0,22,0,179,68,0,0,0,0,146,51,0,4,0,165
Africa,Zambia,2048,7,0,50,10,192,35,22,0,0,104,178,0,0,4,115,50,9,3,4,4,0,92,60,62,37,0,22,0,3,15,0,54,0,152,62,0,42,22,10,78,0,0,8,0,28,280,0,0,6,0,56,53,0,10,0,27
Africa,Zimbabwe,3596,20,0,70,3,313,72,27,3,9,180,202,0,3,0,79,155,12,16,50,5,0,147,151,77,44,3,42,0,31,19,25,115,4,152,132,10,115,29,41,137,0,6,21,0,51,662,0,0,23,0,144,64,11,17,3,27